fund,assetClass,type,security,isin,issuerCanonical,issuerAsPrinted,fundName,section
AC4,bond,government,TRT160627T13,TRT160627T13,Hazine ve Maliye Bakanlığı,HAZİNE,,BORÇLANMA SENETLERİ
AC4,bond,government,TRT010328T12,TRT010328T12,Hazine ve Maliye Bakanlığı,HAZİNE,,BORÇLANMA SENETLERİ
AC4,bond,government,TRT170528T12,TRT170528T12,Hazine ve Maliye Bakanlığı,HAZİNE,,BORÇLANMA SENETLERİ
AC4,bond,government,TRT061228T16,TRT061228T16,Hazine ve Maliye Bakanlığı,HAZİNE,,BORÇLANMA SENETLERİ
AC4,bond,government,TRT040729T14,TRT040729T14,Hazine ve Maliye Bakanlığı,HAZİNE,,BORÇLANMA SENETLERİ
AC4,bond,corporate,TRFA1CPK2619,TRFA1CPK2619,A1CAPİTAL YATIRIM MENKUL DEĞERLER A.Ş.,A1CAPİTAL YATIRIM MENKUL DEĞERLER A.Ş.,,BORÇLANMA SENETLERİ
AC4,bond,bill,TRFBLLYA2646,TRFBLLYA2646,BULLS YATIRIM MENKUL DEĞERLER A.Ş.,BULLS YATIRIM MENKUL DEĞERLER A.Ş.,,BORÇLANMA SENETLERİ
AC4,bond,bill,TRB100227T13,TRB100227T13,Hazine ve Maliye Bakanlığı,HAZİNE,,BORÇLANMA SENETLERİ
AC5,stock,,AKBNK,TRAAKBNK91N6,AKBANK T.A.Ş.,AKBANK T.A.Ş.,,HİSSE SENETLERİ
AC5,stock,,EREGL,TRAEREGL91G3,EREĞLİ DEMİR VE ÇELİK FABRİKALARI T.A.Ş.,EREĞLİ DEMİR VE ÇELİK FABRİKALARI T.A.Ş.,,HİSSE SENETLERİ
AC5,stock,,ISCTR,TRAISCTR91N2,TÜRKİYE İŞ BANKASI A.Ş. B,TÜRKİYE İŞ BANKASI A.Ş. B,,HİSSE SENETLERİ
AC5,stock,,SAHOL,TRASAHOL91Q5,HACIÖMER SABANCI HOLDİNG A.Ş.,HACIÖMER SABANCI HOLDİNG A.Ş.,,HİSSE SENETLERİ
AC5,stock,,TOASO,TRATOASO91H3,TOFAŞ TÜRK OTOMOBİL FABRİKASI A.Ş.,TOFAŞ TÜRK OTOMOBİL FABRİKASI A.Ş.,,HİSSE SENETLERİ
AJ1,stock,,AKBNK,TRAAKBNK91N6,AKBANK T.A.Ş.,AKBANK T.A.Ş.,,HİSSE SENETLERİ
AJ1,stock,,AKSEN,TREAKSN00011,AKSA ENERJİ ÜRETİM A.Ş.,AKSA ENERJİ ÜRETİM A.Ş.,,HİSSE SENETLERİ
AJ1,stock,,ASELS,TRAASELS91H2,ASELSAN ELEKTRONİK SANAYİ VE TİCARET A.Ş.,ASELSAN ELEKTRONİK SANAYİ VE TİCARET A.Ş.,,HİSSE SENETLERİ
AJ1,stock,,SAHOL,TRASAHOL91Q5,HACIÖMER SABANCI HOLDİNG A.Ş.,HACIÖMER SABANCI HOLDİNG A.Ş.,,HİSSE SENETLERİ
AJ1,stock,,YKBNK,TRAYKBNK91N6,YAPI VE KREDİ BANKASI A.Ş.,YAPI VE KREDİ BANKASI A.Ş.,,HİSSE SENETLERİ
AP5,stock,,AGESA,,AGESA HAYAT VE EMEKLİLİK A.Ş,AGESA HAYAT VE EMEKLİLİK A.Ş,,HİSSE SENETLERİ
AP5,stock,,AKBNK,,AKBANK T.A.Ş.,AKBANK T.A.S.,,HİSSE SENETLERİ
AP5,stock,,AKGRT,,AKSİGORTA A.Ş,AKSİGORTA A.Ş,,HİSSE SENETLERİ
AP5,stock,,ASELS,,ASELSAN ELEKTRONİK SANAYİ VE TİCARET A.Ş.,ASELSAN ELEKTRONİK SANAYİ VE TİCARET A.Ş,,HİSSE SENETLERİ
AP5,stock,,AVPGY,,AVRUPAKENT GAYRIMENKUL YATıRıM ORTAKLıĞı A.Ş.,AVRUPAKENT GAYRIMENKUL YATıRıM ORTAKLıĞı A.Ş.,,HİSSE SENETLERİ
AP5,stock,,CCOLA,,COCA-COLA İÇECEK A.Ş.,COCA-COLA İÇECEK A.Ş.,,HİSSE SENETLERİ
AP5,stock,,ENKAI,,ENKA İNŞAAT VE SANAYİ A.Ş.,ENKA İNŞAAT VE SANAYİ A.Ş.,,HİSSE SENETLERİ
AP5,stock,,GARAN,,TÜRKİYE GARANTİ BANKASI A.Ş.,TÜRKIYE GARANTI BANKASI A.S.,,HİSSE SENETLERİ
AP5,stock,,SAHOL,,HACIÖMER SABANCI HOLDİNG A.Ş.,SABANCI HOLDING A.Ş,,HİSSE SENETLERİ
AP5,stock,,TCELL,,TURKCELL İLETİŞİM HİZMETLERİ A.Ş.,TURKCELL İLETİŞİM HİZ. A.Ş.,,HİSSE SENETLERİ
AP5,stock,,THYAO,,TÜRK HAVA YOLLARI A.O.,TÜRK HAVA YOLLARI A.O,,HİSSE SENETLERİ
AP5,stock,,TOASO,,TOFAŞ TÜRK OTOMOBİL FABRİKASI A.Ş.,TOFAŞ TURK OTOMOBİL FABRİKASI A.Ş,,HİSSE SENETLERİ
AP5,stock,,TRMET,,KOZA ANADOLU METAL MADENCİLİK İŞLETMELERİ A.Ş.,TR ANADOLU METAL MADENCİLİK İŞLETMELERİ A.Ş.,,HİSSE SENETLERİ
AP5,stock,,TUPRS,,TÜPRAŞ- TÜRKİYE PETROL RAFİNERİLERİ A.Ş.,TÜPRAŞ TÜRKİYE PETROL RAFİNERİLERİ A.Ş.,,HİSSE SENETLERİ
AP5,stock,,TURSG,,TÜRKİYE SİGORTA A.Ş.,TÜRKİYE SİGORTA A.Ş.,,HİSSE SENETLERİ
AP5,stock,,YKBNK,,YAPI VE KREDİ BANKASI A.Ş.,YAPI VE KREDI BANKASI A.S.,,HİSSE SENETLERİ
AP5,fund,,PSE,,,,ATLAS PORTFÖY PARA PİYASASI SERBEST FON,KATILMA BELGELERİ
BMU,stock,,AKBNK,TRAAKBNK91N6,AKBANK T.A.Ş.,AKBANK T.A.Ş.,,HİSSE SENETLERİ
BMU,stock,,AKBNK,TRAAKBNK91N6,AKBANK T.A.Ş.,AKBANK T.A.Ş.,,HİSSE SENETLERİ
BMU,stock,,AKSEN,TREAKSN00011,AKSA ENERJİ ÜRETİM A.Ş.,AKSA ENERJİ ÜRETİM A.Ş.,,HİSSE SENETLERİ
BMU,stock,,ASELS,TRAASELS91H2,ASELSAN ELEKTRONİK SANAYİ VE TİCARET A.Ş.,ASELSAN ELEKTRONİK SANAYİ VE TİCARET A.Ş.,,HİSSE SENETLERİ
BMU,stock,,ASTOR,TREASTR00013,ASTOR ENERJİ A.Ş.,ASTOR ENERJİ A.Ş.,,HİSSE SENETLERİ
BMU,stock,,ATATP,TREATTP00023,ATP YAZILIM VE TEKNOLOJİ A.Ş.,ATP YAZILIM VE TEKNOLOJİ A.Ş.,,HİSSE SENETLERİ
BMU,stock,,DUNYH,TRASELGD91A6,DÜNYA HOLDİNG A.Ş.,DÜNYA HOLDİNG A.Ş.,,HİSSE SENETLERİ
BMU,stock,,EGEGY,TREEGEY00018,EGEYAPI AVRUPA GAYRİMENKUL YATIRIM ORTAKLIĞI A.Ş.,EGEYAPI AVRUPA GAYRİMENKUL YATIRIM ORTAKLIĞI A.Ş.,,HİSSE SENETLERİ
BMU,stock,,EKGYO,TREEGYO00017,EMLAK KONUT GAYRİMENKUL YATIRIM ORTAKLIĞI A.Ş.,EMLAK KONUT GAYRİMENKUL YATIRIM ORTAKLIĞI A.Ş.,,HİSSE SENETLERİ
BMU,stock,,ISFIN,TRAISGEN91P9,İŞ FİNANSAL KİRALAMA A.Ş.,İŞ FİNANSAL KİRALAMA A.Ş.,,HİSSE SENETLERİ
BMU,stock,,KCHOL,TRAKCHOL91Q8,KOÇ HOLDİNG A.Ş.,KOÇ HOLDİNG A.Ş.,,HİSSE SENETLERİ
BMU,stock,,SMRTG,TRESMAR00026,SMART GÜNEŞ ENERJİSİ TEKNOLOJİLERİ ARAŞTIRMA GELİŞTİRME ÜRETİM SANAYİ VE TİCARET A.Ş.,SMART GÜNEŞ ENERJİSİ TEKNOLOJİLERİ ARAŞTIRMA GELİŞTİRME ÜRETİM SANAYİ VE TİCARET A.Ş.,,HİSSE SENETLERİ
BMU,stock,,SOKM,TRESOKM00022,ŞOK MARKETLER TİCARET A.Ş.,ŞOK MARKETLER TİCARET A.Ş.,,HİSSE SENETLERİ
BMU,stock,,SOKM,TRESOKM00022,ŞOK MARKETLER TİCARET A.Ş.,ŞOK MARKETLER TİCARET A.Ş.,,HİSSE SENETLERİ
BMU,stock,,TUPRS,TRATUPRS91E8,TÜPRAŞ- TÜRKİYE PETROL RAFİNERİLERİ A.Ş.,TÜPRAŞ- TÜRKİYE PETROL RAFİNERİLERİ A.Ş.,,HİSSE SENETLERİ
BMU,stock,,TURSG,TRAGUSGR91O3,TÜRKİYE SİGORTA A.Ş.,TÜRKİYE SİGORTA A.Ş.,,HİSSE SENETLERİ
BMU,stock,,TURSG,TRAGUSGR91O3,TÜRKİYE SİGORTA A.Ş.,TÜRKİYE SİGORTA A.Ş.,,HİSSE SENETLERİ
BOS,stock,,ATATP,TREATTP00023,ATP YAZILIM VE TEKNOLOJİ A.Ş.,ATP YAZILIM VE TEKNOLOJİ A.Ş.,,HİSSE SENETLERİ
BOS,stock,,ENKAI,TREENKA00011,ENKA İNŞAAT VE SANAYİ A.Ş.,ENKA İNŞAAT VE SANAYİ A.Ş.,,HİSSE SENETLERİ
BOS,stock,,GUBRF,TRAGUBRF91E2,GÜBRE FABRİKALARI T.A.Ş.,GÜBRE FABRİKALARI T.A.Ş.,,HİSSE SENETLERİ
BOS,stock,,KCHOL,TRAKCHOL91Q8,KOÇ HOLDİNG A.Ş.,KOÇ HOLDİNG A.Ş.,,HİSSE SENETLERİ
BOS,stock,,LKMNH,TRELKMH00013,LOKMAN HEKİM ENGÜRÜSAĞ SAĞLIK TURİZM EĞİTİM HİZMETLERİ VE İNŞAAT TAAHHÜT A.Ş.,LOKMAN HEKİM ENGÜRÜSAĞ SAĞLIK TURİZM EĞİTİM HİZMETLERİ VE İNŞAAT TAAHHÜT A.Ş.,,HİSSE SENETLERİ
BOS,stock,,TRALT,TREKOAL00014,TÜRK ALTIN İŞLETMELERİ A.Ş.,TÜRK ALTIN İŞLETMELERİ A.Ş.,,HİSSE SENETLERİ
BOS,stock,,TRENJ,TRAIPMAT92D2,TR DOĞAL ENERJİ KAYNAKLARI ARAŞTIRMA VE ÜRETİM A.Ş.,TR DOĞAL ENERJİ KAYNAKLARI ARAŞTIRMA VE ÜRETİM A.Ş.,,HİSSE SENETLERİ
BOS,stock,,TUPRS,TRATUPRS91E8,TÜPRAŞ- TÜRKİYE PETROL RAFİNERİLERİ A.Ş.,TÜPRAŞ- TÜRKİYE PETROL RAFİNERİLERİ A.Ş.,,HİSSE SENETLERİ
BPZ,bond,government,TRT040729T14,TRT040729T14,Hazine ve Maliye Bakanlığı,HAZİNE,,BORÇLANMA SENETLERİ
BPZ,bond,government,TRT090130T12,TRT090130T12,Hazine ve Maliye Bakanlığı,HAZİNE,,BORÇLANMA SENETLERİ
BPZ,bond,government,TRT050630T11,TRT050630T11,Hazine ve Maliye Bakanlığı,HAZİNE,,BORÇLANMA SENETLERİ
BPZ,bond,government,TRT030730T12,TRT030730T12,Hazine ve Maliye Bakanlığı,HAZİNE,,BORÇLANMA SENETLERİ
BPZ,bond,government,TRT030730T12,TRT030730T12,Hazine ve Maliye Bakanlığı,HAZİNE,,BORÇLANMA SENETLERİ
BPZ,bond,government,TRT030730T12,TRT030730T12,Hazine ve Maliye Bakanlığı,HAZİNE,,BORÇLANMA SENETLERİ
BPZ,bond,bill,TRFINFM92623,TRFINFM92623,İNFO YATIRIM MENKUL DEĞERLER A.Ş.,İNFO YATIRIM MENKUL DEĞERLER A.Ş.,,BORÇLANMA SENETLERİ
BPZ,bond,bill,TRFERCYE2610,TRFERCYE2610,ERCİYAS ÇELİK BORU SANAYİ A.Ş.,ERCİYAS ÇELİK BORU SANAYİ A.Ş.,,BORÇLANMA SENETLERİ
BPZ,bond,bill,TRFPNSTE2610,TRFPNSTE2610,PINAR SÜT MAMÜLLERİ SANAYİİ A.Ş.,PINAR SÜT MAMÜLLERİ SANAYİİ A.Ş.,,BORÇLANMA SENETLERİ
BPZ,bond,bill,TRFMIDSK2610,TRFMIDSK2610,MİDAS MENKUL DEĞERLER A.Ş.,MİDAS MENKUL DEĞERLER A.Ş.,,BORÇLANMA SENETLERİ
BPZ,bond,bill,TRFYEOTK2616,TRFYEOTK2616,YEO TEKNOLOJİ ENERJİ VE ENDÜSTRİ A.Ş.,YEO TEKNOLOJİ ENERJİ VE ENDÜSTRİ A.Ş.,,BORÇLANMA SENETLERİ
BPZ,bond,bill,TRFBVYSK2629,TRFBVYSK2629,BİRİKİM VARLIK YÖNETİM A.Ş.,BİRİKİM VARLIK YÖNETİM A.Ş.,,BORÇLANMA SENETLERİ
BPZ,bond,bill,TRFSMARA2614,TRFSMARA2614,SMART GÜNEŞ ENERJİSİ TEKNOLOJİLERİ ARAŞTIRMA GELİŞTİRME ÜRETİM SANAYİ VE TİCARET A.Ş.,SMART GÜNEŞ ENERJİSİ TEKNOLOJİLERİ ARAŞTIRMA GELİŞTİRME ÜRETİM SANAYİ VE TİCARET A.Ş.,,BORÇLANMA SENETLERİ
BPZ,bond,bill,TRFOTSRA2637,TRFOTSRA2637,OTOSOR OTOMOTİV A.Ş.,OTOSOR OTOMOTİV A.Ş.,,BORÇLANMA SENETLERİ
BPZ,bond,bill,TRFSMAR12713,TRFSMAR12713,SMART GÜNEŞ ENERJİSİ TEKNOLOJİLERİ ARAŞTIRMA GELİŞTİRME ÜRETİM SANAYİ VE TİCARET A.Ş.,SMART GÜNEŞ ENERJİSİ TEKNOLOJİLERİ ARAŞTIRMA GELİŞTİRME ÜRETİM SANAYİ VE TİCARET A.Ş.,,BORÇLANMA SENETLERİ
BPZ,bond,bill,TRFSUMF12716,TRFSUMF12716,SÜMER FAKTORİNG A.Ş.,SÜMER FAKTORİNG A.Ş.,,BORÇLANMA SENETLERİ
BPZ,bond,bill,TRFKYTR62728,TRFKYTR62728,KAYATUR FİLO KİRALAMA A.Ş.,KAYATUR FİLO KİRALAMA A.Ş.,,BORÇLANMA SENETLERİ
BPZ,sukuk,corporate,TRDNVKA92634,TRDNVKA92634,NUROL VARLIK KİRALAMA A.Ş.,NUROL VARLIK KİRALAMA A.Ş.,,KİRA SERTİFİKALARI
BPZ,sukuk,corporate,TRDNVKAK2649,TRDNVKAK2649,NUROL VARLIK KİRALAMA A.Ş.,NUROL VARLIK KİRALAMA A.Ş.,,KİRA SERTİFİKALARI
BRT,stock,,AEFES,TRAAEFES91A9,ANADOLU EFES BİRACILIK VE MALT SANAYİİ A.Ş.,ANADOLU EFES BİRACILIK VE MALT SANAYİİ A.Ş.,,HİSSE SENETLERİ
BRT,stock,,ASTOR,TREASTR00013,ASTOR ENERJİ A.Ş.,ASTOR ENERJİ A.Ş.,,HİSSE SENETLERİ
BRT,stock,,BIMAS,TREBIMM00018,BİM BİRLEŞİK MAĞAZALAR A.Ş.,BİM BİRLEŞİK MAĞAZALAR A.Ş.,,HİSSE SENETLERİ
BRT,stock,,EKGYO,TREEGYO00017,EMLAK KONUT GAYRİMENKUL YATIRIM ORTAKLIĞI A.Ş.,EMLAK KONUT GAYRİMENKUL YATIRIM ORTAKLIĞI A.Ş.,,HİSSE SENETLERİ
BRT,stock,,EREGL,TRAEREGL91G3,EREĞLİ DEMİR VE ÇELİK FABRİKALARI T.A.Ş.,EREĞLİ DEMİR VE ÇELİK FABRİKALARI T.A.Ş.,,HİSSE SENETLERİ
BRT,stock,,FROTO,TRAOTOSN91H6,FORD OTOMOTİV SANAYİ A.Ş.,FORD OTOMOTİV SANAYİ A.Ş.,,HİSSE SENETLERİ
BRT,stock,,ISGYO,TRAISGYO91Q3,İŞ GAYRİMENKUL YATIRIM ORTAKLIĞI A.Ş.,İŞ GAYRİMENKUL YATIRIM ORTAKLIĞI A.Ş.,,HİSSE SENETLERİ
BRT,stock,,ISGYO,TRAISGYO91Q3,İŞ GAYRİMENKUL YATIRIM ORTAKLIĞI A.Ş.,İŞ GAYRİMENKUL YATIRIM ORTAKLIĞI A.Ş.,,HİSSE SENETLERİ
BRT,stock,,KOCMT,TREKOCM00018,KOÇ METALURJİ A.Ş.,KOÇ METALURJİ A.Ş.,,HİSSE SENETLERİ
BRT,stock,,MGROS,TREMGTI00012,MİGROS TİCARET A.Ş.,MİGROS TİCARET A.Ş.,,HİSSE SENETLERİ
BRT,stock,,PGSUS,TREPEGS00016,PEGASUS HAVA TAŞIMACILIĞI A.Ş.,PEGASUS HAVA TAŞIMACILIĞI A.Ş.,,HİSSE SENETLERİ
BRT,stock,,SAHOL,TRASAHOL91Q5,HACIÖMER SABANCI HOLDİNG A.Ş.,HACIÖMER SABANCI HOLDİNG A.Ş.,,HİSSE SENETLERİ
BRT,stock,,TOASO,TRATOASO91H3,TOFAŞ TÜRK OTOMOBİL FABRİKASI A.Ş.,TOFAŞ TÜRK OTOMOBİL FABRİKASI A.Ş.,,HİSSE SENETLERİ
BSH,stock,,AKBNK,,AKBANK T.A.Ş.,AKBANK T.A.S.,,HİSSE SENETLERİ
BSH,stock,,GARAN,,TÜRKİYE GARANTİ BANKASI A.Ş.,TÜRKIYE GARANTI BANKASI A.S.,,HİSSE SENETLERİ
BSH,stock,,ISCTR,,TÜRKİYE İŞ BANKASI A.Ş. B,İŞ BANKASı C,,HİSSE SENETLERİ
BSH,stock,,VAKBN,,TÜRKIYE VAKıFLAR BANKASı T.A.O,TÜRKIYE VAKıFLAR BANKASı T.A.O,,HİSSE SENETLERİ
BSH,stock,,YKBNK,,YAPI VE KREDİ BANKASI A.Ş.,YAPI VE KREDI BANKASI A.S.,,HİSSE SENETLERİ
BSH,fund,,PSE,,,,ATLAS PORTFÖY PARA PİYASASI SERBEST FON,KATILMA BELGELERİ
BST,stock,,ALARK,TRAALARK91Q0,ALARKO HOLDİNG A.Ş.,ALARKO HOLDİNG A.Ş.,,HİSSE SENETLERİ
BST,stock,,ALARK,TRAALARK91Q0,ALARKO HOLDİNG A.Ş.,ALARKO HOLDİNG A.Ş.,,HİSSE SENETLERİ
BST,stock,,BIMAS,TREBIMM00018,BİM BİRLEŞİK MAĞAZALAR A.Ş.,BİM BİRLEŞİK MAĞAZALAR A.Ş.,,HİSSE SENETLERİ
BST,stock,,GLRMK,TREGLRM00010,GÜLERMAK AĞIR SANAYİ İNŞAAT VE TAAHHÜT A.Ş.,GÜLERMAK AĞIR SANAYİ İNŞAAT VE TAAHHÜT A.Ş.,,HİSSE SENETLERİ
BST,stock,,GLRMK,TREGLRM00010,GÜLERMAK AĞIR SANAYİ İNŞAAT VE TAAHHÜT A.Ş.,GÜLERMAK AĞIR SANAYİ İNŞAAT VE TAAHHÜT A.Ş.,,HİSSE SENETLERİ
BST,stock,,KCAER,TREKCAE00030,KOCAER ÇELİK SANAYİ VE TİCARET A.Ş.,KOCAER ÇELİK SANAYİ VE TİCARET A.Ş.,,HİSSE SENETLERİ
BST,stock,,KCHOL,TRAKCHOL91Q8,KOÇ HOLDİNG A.Ş.,KOÇ HOLDİNG A.Ş.,,HİSSE SENETLERİ
BST,stock,,SAHOL,TRASAHOL91Q5,HACIÖMER SABANCI HOLDİNG A.Ş.,HACIÖMER SABANCI HOLDİNG A.Ş.,,HİSSE SENETLERİ
BST,stock,,SARAE,TRESARA00039,ŞA-RA ENERJİ İNŞAAT TİCARET VE SANAYİ A.Ş.,ŞA-RA ENERJİ İNŞAAT TİCARET VE SANAYİ A.Ş.,,HİSSE SENETLERİ
BST,stock,,SARAE,TRESARA00039,ŞA-RA ENERJİ İNŞAAT TİCARET VE SANAYİ A.Ş.,ŞA-RA ENERJİ İNŞAAT TİCARET VE SANAYİ A.Ş.,,HİSSE SENETLERİ
BST,stock,,SARKY,TRASARKY91G6,SARKUYSAN ELEKTROLİTİK BAKIR SANAYİ VE TİCARET A.Ş.,SARKUYSAN ELEKTROLİTİK BAKIR SANAYİ VE TİCARET A.Ş.,,HİSSE SENETLERİ
BST,stock,,TCELL,TRATCELL91M1,TURKCELL İLETİŞİM HİZMETLERİ A.Ş.,TURKCELL İLETİŞİM HİZMETLERİ A.Ş.,,HİSSE SENETLERİ
BST,stock,,THYAO,TRATHYAO91M5,TÜRK HAVA YOLLARI A.O.,TÜRK HAVA YOLLARI A.O.,,HİSSE SENETLERİ
BST,stock,,THYAO,TRATHYAO91M5,TÜRK HAVA YOLLARI A.O.,TÜRK HAVA YOLLARI A.O.,,HİSSE SENETLERİ
BTJ,stock,,AKBNK,,AKBANK T.A.Ş.,AKBANK T.A.S.,,HİSSE SENETLERİ
BTJ,stock,,AKGRT,,AKSİGORTA A.Ş,AKSİGORTA A.Ş,,HİSSE SENETLERİ
BTJ,stock,,SAHOL,,HACIÖMER SABANCI HOLDİNG A.Ş.,SABANCI HOLDING A.Ş,,HİSSE SENETLERİ
BTJ,stock,,THYAO,,TÜRK HAVA YOLLARI A.O.,TÜRK HAVA YOLLARI A.O,,HİSSE SENETLERİ
BTJ,stock,,TURSG,,TÜRKİYE SİGORTA A.Ş.,TÜRKİYE SİGORTA A.Ş.,,HİSSE SENETLERİ
BTJ,fund,,PSE,,,,ATLAS PORTFÖY PARA PİYASASI SERBEST FON,KATILMA BELGELERİ
CAH,stock,,AKCNS,TRAAKCNS91F3,AKÇANSA ÇİMENTO SANAYİ VE TİCARET A.Ş.,AKÇANSA ÇİMENTO SANAYİ VE TİCARET A.Ş.,,HİSSE SENETLERİ
CAH,stock,,AKCNS,TRAAKCNS91F3,AKÇANSA ÇİMENTO SANAYİ VE TİCARET A.Ş.,AKÇANSA ÇİMENTO SANAYİ VE TİCARET A.Ş.,,HİSSE SENETLERİ
CAH,stock,,ASTOR,TREASTR00013,ASTOR ENERJİ A.Ş.,ASTOR ENERJİ A.Ş.,,HİSSE SENETLERİ
CAH,stock,,CWENE,TRECWEN00012,CW ENERJİ MÜHENDİSLİK TİCARET VE SANAYİ A.Ş.,CW ENERJİ MÜHENDİSLİK TİCARET VE SANAYİ A.Ş.,,HİSSE SENETLERİ
CAH,stock,,DOHOL,TRADOHOL91Q8,DOĞAN ŞİRKETLER GRUBU HOLDİNG A.Ş.,DOĞAN ŞİRKETLER GRUBU HOLDİNG A.Ş.,,HİSSE SENETLERİ
CAH,stock,,GLRMK,TREGLRM00010,GÜLERMAK AĞIR SANAYİ İNŞAAT VE TAAHHÜT A.Ş.,GÜLERMAK AĞIR SANAYİ İNŞAAT VE TAAHHÜT A.Ş.,,HİSSE SENETLERİ
CAH,stock,,GUBRF,TRAGUBRF91E2,GÜBRE FABRİKALARI T.A.Ş.,GÜBRE FABRİKALARI T.A.Ş.,,HİSSE SENETLERİ
CAH,stock,,INDES,TREINDX00019,İNDEKS BİLGİSAYAR SİSTEMLERİ MÜHENDİSLİK SANAYİ VE TİCARET A.Ş.,İNDEKS BİLGİSAYAR SİSTEMLERİ MÜHENDİSLİK SANAYİ VE TİCARET A.Ş.,,HİSSE SENETLERİ
CAH,stock,,ISGSY,TREIGSY00019,İŞ GİRİŞİM SERMAYESİ YATIRIM ORTAKLIĞI A.Ş.,İŞ GİRİŞİM SERMAYESİ YATIRIM ORTAKLIĞI A.Ş.,,HİSSE SENETLERİ
CAH,stock,,KCHOL,TRAKCHOL91Q8,KOÇ HOLDİNG A.Ş.,KOÇ HOLDİNG A.Ş.,,HİSSE SENETLERİ
CAH,stock,,KCHOL,TRAKCHOL91Q8,KOÇ HOLDİNG A.Ş.,KOÇ HOLDİNG A.Ş.,,HİSSE SENETLERİ
CAH,stock,,MCARD,TREMTRP00014,METROPOL KURUMSAL HİZMETLER A.Ş.,METROPAL KURUMSAL HİZMETLER A.Ş.,,HİSSE SENETLERİ
CAH,stock,,MEGMT,TREMEGM00024,MEGA METAL SANAYİ VE TİCARET A.Ş.,MEGA METAL SANAYİ VE TİCARET A.Ş.,,HİSSE SENETLERİ
CAH,stock,,MEGMT,TREMEGM00024,MEGA METAL SANAYİ VE TİCARET A.Ş.,MEGA METAL SANAYİ VE TİCARET A.Ş.,,HİSSE SENETLERİ
CAH,stock,,TABGD,TRETABG00020,TAB GIDA SANAYİ VE TİCARET A.Ş.,TAB GIDA SANAYİ VE TİCARET A.Ş.,,HİSSE SENETLERİ
CAH,stock,,TCELL,TRATCELL91M1,TURKCELL İLETİŞİM HİZMETLERİ A.Ş.,TURKCELL İLETİŞİM HİZMETLERİ A.Ş.,,HİSSE SENETLERİ
CAH,stock,,TUPRS,TRATUPRS91E8,TÜPRAŞ- TÜRKİYE PETROL RAFİNERİLERİ A.Ş.,TÜPRAS TÜRKİYE PETROL RAFINERILERI A.Ş.,,HİSSE SENETLERİ
CAH,stock,,YEOTK,TREYEOT00010,YEO TEKNOLOJİ ENERJİ VE ENDÜSTRİ A.Ş.,YEO TEKNOLOJİ ENERJİ VE ENDÜSTRİ A.Ş.,,HİSSE SENETLERİ
CAH,stock,,YEOTK,TREYEOT00010,YEO TEKNOLOJİ ENERJİ VE ENDÜSTRİ A.Ş.,YEO TEKNOLOJİ ENERJİ VE ENDÜSTRİ A.Ş.,,HİSSE SENETLERİ
CAH,stock,,YKBNK,TRAYKBNK91N6,YAPI VE KREDİ BANKASI A.Ş.,YAPI VE KREDİ BANKASI A.Ş.,,HİSSE SENETLERİ
CAH,stock,,YKBNK,TRAYKBNK91N6,YAPI VE KREDİ BANKASI A.Ş.,YAPI VE KREDİ BANKASI A.Ş.,,HİSSE SENETLERİ
DFI,stock,,BKRGY,,Bakırcı Gayrimenkul Yatırım Ortaklığı A.Ş.,Bakırcı Gayrimenkul Yatırım Ortaklığı A.Ş.,,HİSSE SENETLERİ
DFI,stock,,IEYHO,,IŞIKLAR ENERJİ VE YAPI HOLDİNG A.Ş.,IŞIKLAR ENERJİ VE YAPI HOLDİNG A.Ş.,,HİSSE SENETLERİ
DFI,stock,,ISKPL,,IŞIK PLASTİK SANAYİ VE DIŞ TİCARET PAZARLAMA A.Ş.,IŞIK PLASTİK SANAYİ VE DIŞ TİCARET PAZARLAMA A.Ş.,,HİSSE SENETLERİ
DFI,stock,,LIDER,,LDR Turizm A.Ş,LDR Turizm A.Ş,,HİSSE SENETLERİ
DFI,bond,finance bill,TRFSRMD22716,TRFSRMD22716,Alnus Yatırım Menkul Değerler A.Ş.,Alnus Yatırım Menkul Değerler A.Ş.,,FİNANSMAN BONOLARI
DFI,fund,,ABG,,,,,KATILMA BELGELERİ
DFI,fund,,BAC,,,,,KATILMA BELGELERİ
DFI,fund,,BTJ,,,,ATLAS PORTFÖY İSTATİSTİKSEL ARBİTRAJ HİSSE SENEDİ SERBEST FON(HİSSE SENEDİ YOĞUN FON),KATILMA BELGELERİ
DFI,fund,,GCD,,,,,KATILMA BELGELERİ
DFI,fund,,KHD,,,,,KATILMA BELGELERİ
DFI,fund,,KVR,,,,,KATILMA BELGELERİ
DFI,fund,,LAI,,,,,KATILMA BELGELERİ
DFI,fund,,PFS,,,,,KATILMA BELGELERİ
DFI,fund,,PSE,,,,ATLAS PORTFÖY PARA PİYASASI SERBEST FON,KATILMA BELGELERİ
DOH,stock,,AKBNK,TRAAKBNK91N6,AKBANK T.A.Ş.,AKBANK T.A.Ş.,,HİSSE SENETLERİ
DOH,stock,,ALKLC,TREALTK00013,ALTINKILIÇ GIDA VE SÜT SANAYİ TİCARET A.Ş.,ALTINKILIÇ GIDA VE SÜT SANAYİ TİCARET A.Ş.,,HİSSE SENETLERİ
DOH,stock,,ALTNY,TREALTA00014,ALTINAY SAVUNMA TEKNOLOJİLERİ A.Ş.,ALTINAY SAVUNMA TEKNOLOJİLERİ A.Ş.,,HİSSE SENETLERİ
DOH,stock,,ANELE,TREAEPT00017,ANEL ELEKTRİK PROJE TAAHHÜT VE TİCARET A.Ş.,ANEL ELEKTRİK PROJE TAAHHÜT VE TİCARET A.Ş.,,HİSSE SENETLERİ
DOH,stock,,ANELE,TREAEPT00017,ANEL ELEKTRİK PROJE TAAHHÜT VE TİCARET A.Ş.,ANEL ELEKTRİK PROJE TAAHHÜT VE TİCARET A.Ş.,,HİSSE SENETLERİ
DOH,stock,,ASELS,TRAASELS91H2,ASELSAN ELEKTRONİK SANAYİ VE TİCARET A.Ş.,ASELSAN ELEKTRONİK SANAYİ VE TİCARET A.Ş.,,HİSSE SENETLERİ
DOH,stock,,ATATR,TREATTR00011,ATA TURİZM İŞLETMECİLİK TAŞIMACILIK MADENCİLİK KUYUMCULUK SANAYİ VE DIŞ TİCARET A.Ş.,ATA TURİZM İŞLETMECİLİK TAŞIMACILIK MADENCİLİK KUYUMCULUK SAN. VE DIŞ TİCARET A.Ş.,,HİSSE SENETLERİ
DOH,stock,,ATATR,TREATTR00011,ATA TURİZM İŞLETMECİLİK TAŞIMACILIK MADENCİLİK KUYUMCULUK SANAYİ VE DIŞ TİCARET A.Ş.,ATA TURİZM İŞLETMECİLİK TAŞIMACILIK MADENCİLİK KUYUMCULUK SAN. VE DIŞ TİCARET A.Ş.,,HİSSE SENETLERİ
DOH,stock,,BIGEN,TREBYEN00010,BİRLEŞİM GRUP ENERJİ YATIRIMLARI A.Ş.,BİRLEŞİM GRUP ENERJİ YATIRIMLARI A.Ş.,,HİSSE SENETLERİ
DOH,stock,,BINHO,TREBINH00024,YATIRIMLAR HOLDİNG A.Ş.,YATIRIMLAR HOLDİNG A.Ş.,,HİSSE SENETLERİ
DOH,stock,,CITAS,TRECTLK00027,ÇİTLEKÇİ MAĞAZACILIK GIDA A.Ş.,ÇİTLEKÇİ MAĞAZACILIK GIDA A.Ş.,,HİSSE SENETLERİ
DOH,stock,,DSTKF,TREDSTF00012,DESTEK FİNANS FAKTORİNG A.Ş.,DESTEK FAKTORING,,HİSSE SENETLERİ
DOH,stock,,DSTKF,TREDSTF00012,DESTEK FİNANS FAKTORİNG A.Ş.,DESTEK FAKTORING,,HİSSE SENETLERİ
DOH,stock,,EUPWR,TREEUPW00019,EUROPOWER ENERJİ VE OTOMASYON TEKNOLOJİLERİ SANAYİ TİCARET A.Ş.,EUROPOWER ENERJİ VE OTOMASYON TEKNOLOJİLERİ SANAYİ TİCARET A.Ş.,,HİSSE SENETLERİ
DOH,stock,,EUPWR,TREEUPW00019,EUROPOWER ENERJİ VE OTOMASYON TEKNOLOJİLERİ SANAYİ TİCARET A.Ş.,EUROPOWER ENERJİ VE OTOMASYON TEKNOLOJİLERİ SANAYİ TİCARET A.Ş.,,HİSSE SENETLERİ
DOH,stock,,GENIL,TREGENL00024,GEN İLAÇ VE SAĞLIK ÜRÜNLERİ SANAYİ VE TİCARET A.Ş.,GEN İLAÇ VE SAĞLIK ÜRÜNLERİ SANAYİ VE TİCARET A.Ş.,,HİSSE SENETLERİ
DOH,stock,,GESAN,TREGESN00029,GİRİŞİM ELEKTRİK SANAYİ TAAHHÜT VE TİCARET A.Ş.,GİRİŞİM ELEKTRİK SANAYİ TAAHHÜT VE TİCARET A.Ş.,,HİSSE SENETLERİ
DOH,stock,,GESAN,TREGESN00029,GİRİŞİM ELEKTRİK SANAYİ TAAHHÜT VE TİCARET A.Ş.,GİRİŞİM ELEKTRİK SANAYİ TAAHHÜT VE TİCARET A.Ş.,,HİSSE SENETLERİ
DOH,stock,,GLRMK,TREGLRM00010,GÜLERMAK AĞIR SANAYİ İNŞAAT VE TAAHHÜT A.Ş.,GÜLERMAK AĞIR SANAYİ İNŞAAT VE TAAHHÜT A.Ş.,,HİSSE SENETLERİ
DOH,stock,,ISVEA,TREISVA00018,İSVEA SERAMİK VE BANYO ÜRÜNLERİ SANAYİ A.Ş.,ISVEA SERAMİK VE BANYO URUNLERİ SANAYİ AS,,HİSSE SENETLERİ
DOH,stock,,KARCL,TREKDMR00027,KARD EMİR ÇELİK SANAYİ A.Ş.,KARD EMİR ÇELİK SANAYİ A.Ş.,,HİSSE SENETLERİ
DOH,stock,,KARCL,TREKDMR00027,KARD EMİR ÇELİK SANAYİ A.Ş.,KARD EMİR ÇELİK SANAYİ A.Ş.,,HİSSE SENETLERİ
DOH,stock,,KARSN,TRAKARSN91H7,KARSAN OTOMOTİV SANAYİİ VE TİCARET A.Ş.,KARSAN OTOMOTİV SANAYİİ VE TİCARET A.Ş.,,HİSSE SENETLERİ
DOH,stock,,KARSN,TRAKARSN91H7,KARSAN OTOMOTİV SANAYİİ VE TİCARET A.Ş.,KARSAN OTOMOTİV SANAYİİ VE TİCARET A.Ş.,,HİSSE SENETLERİ
DOH,stock,,KGYO,TRAYKGYO91Q7,KORAYGAYRİ MENKUL YATIRIM ORTAKLIĞI A.Ş.,KORAYGAYRİ MENKUL YATIRIM ORTAKLIĞI A.Ş.,,HİSSE SENETLERİ
DOH,stock,,KORDS,TRAKORDS91B2,KORDSA TEKNİK TEKSTİL A.Ş.,KORDSA TEKNİK TEKSTİL A.Ş.,,HİSSE SENETLERİ
DOH,stock,,KTLEV,TREKTLV00019,KATILIMEVİM TASARRUF FİNANSMAN A.Ş.,KATILIMEVİM TASARRUF FİNANSMAN A.Ş.,,HİSSE SENETLERİ
DOH,stock,,KZGYO,TREKZGR00014,KUZU GRUP GAYRİMENKUL YATIRIM ORTAKLIĞI A.Ş.,KUZUGRUPGAYRİ MENKUL YATIRIM ORTAKLIĞI A.Ş.,,HİSSE SENETLERİ
DOH,stock,,KZGYO,TREKZGR00014,KUZU GRUP GAYRİMENKUL YATIRIM ORTAKLIĞI A.Ş.,KUZUGRUPGAYRİ MENKUL YATIRIM ORTAKLIĞI A.Ş.,,HİSSE SENETLERİ
DOH,stock,,MANAS,TREMANS00025,MANAS ENERJİ YÖNETİMİ SANAYİ VE TİCARET A.Ş.,MANAS ENERJİ YÖNETİMİ SANAYİ VE TİCARET A.Ş.,,HİSSE SENETLERİ
DOH,stock,,MANAS,TREMANS00025,MANAS ENERJİ YÖNETİMİ SANAYİ VE TİCARET A.Ş.,MANAS ENERJİ YÖNETİMİ SANAYİ VE TİCARET A.Ş.,,HİSSE SENETLERİ
DOH,stock,,MARTI,TRAMMART91K7,MARTI OTEL İŞLETMELERİ A.Ş.,MARTI OTEL İŞLETMELERİ A.Ş.,,HİSSE SENETLERİ
DOH,stock,,MARTI,TRAMMART91K7,MARTI OTEL İŞLETMELERİ A.Ş.,MARTI OTEL İŞLETMELERİ A.Ş.,,HİSSE SENETLERİ
DOH,stock,,MCARD,TREMTRP00014,METROPOL KURUMSAL HİZMETLER A.Ş.,METROPOL KURUMSAL HİZMETLER A.Ş.,,HİSSE SENETLERİ
DOH,stock,,MCARD,TREMTRP00014,METROPOL KURUMSAL HİZMETLER A.Ş.,METROPOL KURUMSAL HİZMETLER A.Ş.,,HİSSE SENETLERİ
DOH,stock,,NETCD,TRENETC00026,NETCAD YAZILIM A.Ş.,NETCAD YAZILIM A.Ş.,,HİSSE SENETLERİ
DOH,stock,,ORZAX,TREORZK00018,ORZAKS İLAÇ VE KİMYA SANAYİ TİCARET A.Ş.,ORZAKS İLAÇ VE KİMYA SANAYİ TİCARET A.Ş.,,HİSSE SENETLERİ
DOH,stock,,OZATD,TREOZAT00023,ÖZATA DENİZCİLİK SANAYİ VE TİCARET A.Ş.,ÖZATA DENİZCİLİK SANAYİ VE TİCARET A.Ş.,,HİSSE SENETLERİ
DOH,stock,,PEKGY,TREPEGY00022,PEKERGAYRİ MENKUL YATIRIM ORTAKLIĞI A.Ş.,PEKERGAYRİ MENKUL YATIRIM ORTAKLIĞI A.Ş.,,HİSSE SENETLERİ
DOH,stock,,PEKGY,TREPEGY00022,PEKERGAYRİ MENKUL YATIRIM ORTAKLIĞI A.Ş.,PEKERGAYRİ MENKUL YATIRIM ORTAKLIĞI A.Ş.,,HİSSE SENETLERİ
DOH,stock,,SARAE,TRESARA00039,ŞA-RA ENERJİ İNŞAAT TİCARET VE SANAYİ A.Ş.,ŞA-RA ENERJİ İNŞAAT TİCARET VE SANAYİ A.Ş.,,HİSSE SENETLERİ
DOH,stock,,SELEC,TRESLEC00014,SELÇUK ECZA DEPOSU TİCARET VE SANAYİ A.Ş.,SELÇUK ECZA DEPOSU TİCARET VE SANAYİ A.Ş.,,HİSSE SENETLERİ
DOH,stock,,SELEC,TRESLEC00014,SELÇUK ECZA DEPOSU TİCARET VE SANAYİ A.Ş.,SELÇUK ECZA DEPOSU TİCARET VE SANAYİ A.Ş.,,HİSSE SENETLERİ
DOH,stock,,SISE,TRASISEW91Q3,TÜRKİYE ŞİŞE VE CAM FABRİKALARI A.Ş.,TÜRKİYE ŞİŞE VE CAM FABRİKALARI A.Ş.,,HİSSE SENETLERİ
DOH,stock,,SVGYO,TRESVRG00024,SAVURGAYRİ MENKUL YATIRIM ORTAKLIĞI A.Ş.,SAVURGAYRİ MENKUL YATIRIM ORTAKLIĞI A.Ş.,,HİSSE SENETLERİ
DOH,stock,,SVGYO,TRESVRG00024,SAVURGAYRİ MENKUL YATIRIM ORTAKLIĞI A.Ş.,SAVURGAYRİ MENKUL YATIRIM ORTAKLIĞI A.Ş.,,HİSSE SENETLERİ
DOH,stock,,TEHOL,TRAGLOBL91Q0,TERA YATIRIM TEKNOLOJİ HOLDİNG A.Ş.,TERA YATIRIM TEKNOLOJİ HOLDİNG A.Ş.,,HİSSE SENETLERİ
DOH,stock,,TEHOL,TRAGLOBL91Q0,TERA YATIRIM TEKNOLOJİ HOLDİNG A.Ş.,TERA YATIRIM TEKNOLOJİ HOLDİNG A.Ş.,,HİSSE SENETLERİ
DOH,stock,,TERA,TRETERA00013,TERA YATIRIM MENKUL DEĞERLER A.Ş.,TERA YATIRIM MENKUL DEĞERLER A.Ş.,,HİSSE SENETLERİ
DOH,stock,,TERA,TRETERA00013,TERA YATIRIM MENKUL DEĞERLER A.Ş.,TERA YATIRIM MENKUL DEĞERLER A.Ş.,,HİSSE SENETLERİ
DOH,stock,,THYAO,TRATHYAO91M5,TÜRK HAVA YOLLARI A.O.,TÜRK HAVA YOLLARI A.O.,,HİSSE SENETLERİ
DOH,stock,,TKNKA,TRETKNK00018,TEKNİKAPLAST TEKNİK KALIP PLASTİK SANAYİ VE TİCARET A.Ş.,TEKNİKAPLAST TEKNİK KALIP PLASTİK SANAYİ VE TİCARET A.Ş.,,HİSSE SENETLERİ
DOH,stock,,TMPOL,TRETMPL00017,TEMAPOL POLİMER PLASTİK VE İNŞAAT SANAYİ TİCARET A.Ş.,TEMAPOL POLİMER PLASTİK VE İNŞAAT SANAYİ TİCARET A.Ş.,,HİSSE SENETLERİ
DOH,stock,,TMPOL,TRETMPL00017,TEMAPOL POLİMER PLASTİK VE İNŞAAT SANAYİ TİCARET A.Ş.,TEMAPOL POLİMER PLASTİK VE İNŞAAT SANAYİ TİCARET A.Ş.,,HİSSE SENETLERİ
DOH,stock,,TRHOL,TRATACYO91Q7,TERA FİNANSAL YATIRIMLAR HOLDİNG A.Ş.,TERA FİNANSAL YATIRIMLAR HOLDİNG A.Ş.,,HİSSE SENETLERİ
DOH,stock,,TRHOL,TRATACYO91Q7,TERA FİNANSAL YATIRIMLAR HOLDİNG A.Ş.,TERA FİNANSAL YATIRIMLAR HOLDİNG A.Ş.,,HİSSE SENETLERİ
DOH,stock,,TUPRS,TRATUPRS91E8,TÜPRAŞ- TÜRKİYE PETROL RAFİNERİLERİ A.Ş.,TÜPRAS TÜRKİYE PETROL RAFINERILERI A.Ş.,,HİSSE SENETLERİ
DOH,stock,,TUPRS,TRATUPRS91E8,TÜPRAŞ- TÜRKİYE PETROL RAFİNERİLERİ A.Ş.,TÜPRAS TÜRKİYE PETROL RAFINERILERI A.Ş.,,HİSSE SENETLERİ
DOH,stock,,TURSG,TRAGUSGR91O3,TÜRKİYE SİGORTA A.Ş.,TÜRKİYE SİGORTA A.Ş.,,HİSSE SENETLERİ
DOH,stock,,TURSG,TRAGUSGR91O3,TÜRKİYE SİGORTA A.Ş.,TÜRKİYE SİGORTA A.Ş.,,HİSSE SENETLERİ
DOH,stock,,YKBNK,TRAYKBNK91N6,YAPI VE KREDİ BANKASI A.Ş.,YAPI VE KREDİ BANKASI A.Ş.,,HİSSE SENETLERİ
DOH,stock,,YKBNK,TRAYKBNK91N6,YAPI VE KREDİ BANKASI A.Ş.,YAPI VE KREDİ BANKASI A.Ş.,,HİSSE SENETLERİ
DOH,fund,,T3B,TRYTRPY00066,,,,DİĞER
DOH,fund,,THF,TRYTRPY00140,,,,DİĞER
DOH,fund,,TLY,TRYTRPY00025,,,TERA PORTFÖY BİRİNCİ SERBEST FON,DİĞER
DOH,fund,,TMV,TRYTRPY00058,,,,DİĞER
DUH,stock,,AAGYO,TREAGVR00014,AĞAOĞLU AVRASYA GAYRİMENKUL YATIRIM ORTAKLIĞI A.Ş.,AĞAOĞLU AVRASYA GAYRİMENKUL YATIRIM ORTAKLIĞI A.Ş.,,HİSSE SENETLERİ
DUH,stock,,METEN,TREMTGN00020,METGÜN ENERJİ YATIRIMLARI A.Ş.,METGÜN ENERJİ YATIRIMLARI A.Ş.,,HİSSE SENETLERİ
DUH,stock,,YKBNK,TRAYKBNK91N6,YAPI VE KREDİ BANKASI A.Ş.,YAPI VE KREDİ BANKASI A.Ş.,,HİSSE SENETLERİ
DUH,fund,,KSA,TRYHDFP00565,,,HEDEF PORTFÖY KISA VADELİ SERBEST (TL) FON,DİĞER
FNT,stock,,ARDYZ,TREARDY00023,ARD GRUP BİLİŞİM TEKNOLOJİLERİ A.Ş.,ARD GRUP BİLİŞİM TEKNOLOJİLERİ A.Ş.,,HİSSE SENETLERİ
FNT,stock,,ARDYZ,TREARDY00023,ARD GRUP BİLİŞİM TEKNOLOJİLERİ A.Ş.,ARD GRUP BİLİŞİM TEKNOLOJİLERİ A.Ş.,,HİSSE SENETLERİ
FNT,stock,,AYDEM,TREAYDM00024,AYDEM YENİLENEBİLİR ENERJİ A.Ş.,AYDEM YENİLENEBİLİR ENERJİ A.Ş.,,HİSSE SENETLERİ
FNT,stock,,AYDEM,TREAYDM00024,AYDEM YENİLENEBİLİR ENERJİ A.Ş.,AYDEM YENİLENEBİLİR ENERJİ A.Ş.,,HİSSE SENETLERİ
FNT,stock,,BIGCH,TREBIGC00011,BÜYÜKŞEFLER GIDA TURİZM TEKSTİL DANIŞMANLIK ORGANİZASYON EĞİTİM SANAYİ VE TİCARET A.Ş.,BÜYÜKŞEFLER GIDA TURİZM TEKSTİL DANIŞMANLIK ORGANİZASYON EĞİTİM SANAYİ VE TİCARET A.Ş.,,HİSSE SENETLERİ
FNT,stock,,LIDFA,TRELDFK00016,LİDER FAKTORİNG A.Ş.,LİDER FAKTORİNG A.Ş.,,HİSSE SENETLERİ
FNT,stock,,LIDFA,TRELDFK00016,LİDER FAKTORİNG A.Ş.,LİDER FAKTORİNG A.Ş.,,HİSSE SENETLERİ
FNT,stock,,ORZAX,TREORZK00018,ORZAKS İLAÇ VE KİMYA SANAYİ TİCARET A.Ş.,ORZAKS İLAÇ VE KİMYA SANAYİ TİCARET A.Ş.,,HİSSE SENETLERİ
FNT,stock,,PCILT,TREPCIL00029,PC İLETİŞİM VE MEDYA HİZMETLERİ SANAYİ TİCARET A.Ş.,PC İLETİŞİM VE MEDYA HİZMETLERİ SANAYİ TİCARET A.Ş.,,HİSSE SENETLERİ
FNT,stock,,SNGYO,TRESNGY00019,SİNPAŞGAYRİ MENKUL YATIRIM ORTAKLIĞI A.Ş.,SİNPAŞGAYRİ MENKUL YATIRIM ORTAKLIĞI A.Ş.,,HİSSE SENETLERİ
FNT,stock,,SNGYO,TRESNGY00019,SİNPAŞGAYRİ MENKUL YATIRIM ORTAKLIĞI A.Ş.,SİNPAŞGAYRİ MENKUL YATIRIM ORTAKLIĞI A.Ş.,,HİSSE SENETLERİ
FNT,stock,,VAKFN,TRAVAKFN91P9,VAKIF FİNANSAL KİRALAMA A.Ş.,VAKIF FİNANSAL KİRALAMA A.Ş.,,HİSSE SENETLERİ
FNT,stock,,YATAS,TRAYATAS91B4,YATAŞ YATAK VE YORGAN SANAYİ TİCARET A.Ş.,YATAŞ YATAK VE YORGAN SANAYİ TİCARET A.Ş.,,HİSSE SENETLERİ
FNT,stock,,YATAS,TRAYATAS91B4,YATAŞ YATAK VE YORGAN SANAYİ TİCARET A.Ş.,YATAŞ YATAK VE YORGAN SANAYİ TİCARET A.Ş.,,HİSSE SENETLERİ
FNT,fund,,KSA,TRYHDFP00565,,,HEDEF PORTFÖY KISA VADELİ SERBEST (TL) FON,DİĞER
HAT,stock,,KCHOL,TRAKCHOL91Q8,KOÇ HOLDİNG A.Ş.,KOÇ HOLDİNG A.Ş.,,HİSSE SENETLERİ
HDA,stock,,AKBNK,TRAAKBNK91N6,AKBANK T.A.Ş.,AKBANK T.A.Ş.,,HİSSE SENETLERİ
HDA,stock,,ISCTR,TRAISCTR91N2,TÜRKİYE İŞ BANKASI A.Ş. B,TÜRKİYE İŞ BANKASI A.Ş. B,,HİSSE SENETLERİ
HDA,stock,,KONTR,TREKNTR00013,KONTROLM ATİK TEKNOLOJİ ENERJİ VE MÜHENDİSLİK A.Ş.,KONTROLM ATİK TEKNOLOJİ ENERJİ VE MÜHENDİSLİK A.Ş.,,HİSSE SENETLERİ
HDA,stock,,PGSUS,TREPEGS00016,PEGASUS HAVA TAŞIMACILIĞI A.Ş.,PEGASUS HAVA TAŞIMACILIĞI A.Ş.,,HİSSE SENETLERİ
HDA,fund,,HYV,TRYHDFP00078,,,HEDEF PORTFÖY PARA PIYASASI (TL) FONU,DİĞER
HDA,fund,,KSA,TRYHDFP00565,,,HEDEF PORTFÖY KISA VADELİ SERBEST (TL) FON,DİĞER
HDK,stock,,ISCTR,TRAISCTR91N2,TÜRKİYE İŞ BANKASI A.Ş. B,TÜRKİYE İŞ BANKASI A.Ş. B,,HİSSE SENETLERİ
HDK,stock,,SISE,TRASISEW91Q3,TÜRKİYE ŞİŞE VE CAM FABRİKALARI A.Ş.,TÜRKİYE ŞİŞE VE CAM FABRİKALARI A.Ş.,,HİSSE SENETLERİ
HDK,fund,,HKJ,TRYHDFP00789,,,HEDEF PORTFÖY PARA PİYASASI SERBEST FON,DİĞER
HEH,stock,,AEFES,TRAAEFES91A9,ANADOLU EFES BİRACILIK VE MALT SANAYİİ A.Ş.,ANADOLU EFES BİRACILIK VE MALT SANAYİİ A.Ş.,,HİSSE SENETLERİ
HEH,stock,,AEFES,TRAAEFES91A9,ANADOLU EFES BİRACILIK VE MALT SANAYİİ A.Ş.,ANADOLU EFES BİRACILIK VE MALT SANAYİİ A.Ş.,,HİSSE SENETLERİ
HEH,stock,,AKBNK,TRAAKBNK91N6,AKBANK T.A.Ş.,AKBANK T.A.Ş.,,HİSSE SENETLERİ
HEH,stock,,AKBNK,TRAAKBNK91N6,AKBANK T.A.Ş.,AKBANK T.A.Ş.,,HİSSE SENETLERİ
HEH,stock,,AKSEN,TREAKSN00011,AKSA ENERJİ ÜRETİM A.Ş.,AKSA ENERJİ ÜRETİM A.Ş.,,HİSSE SENETLERİ
HEH,stock,,AKSEN,TREAKSN00011,AKSA ENERJİ ÜRETİM A.Ş.,AKSA ENERJİ ÜRETİM A.Ş.,,HİSSE SENETLERİ
HEH,stock,,ALARK,TRAALARK91Q0,ALARKO HOLDİNG A.Ş.,ALARKO HOLDİNG A.Ş.,,HİSSE SENETLERİ
HEH,stock,,ALARK,TRAALARK91Q0,ALARKO HOLDİNG A.Ş.,ALARKO HOLDİNG A.Ş.,,HİSSE SENETLERİ
HEH,stock,,ARCLK,TRAARCLK91H5,ARÇELİK A.Ş.,ARÇELİK A.Ş.,,HİSSE SENETLERİ
HEH,stock,,ARFYE,TREARFB00018,ARF BİO YENİLENEBİLİR ENERJİ ÜRETİM A.Ş.,ARF BİO YENİLENEBİLİR ENERJİ ÜRETİM A.Ş.,,HİSSE SENETLERİ
HEH,stock,,ARZUM,TREAZEV00020,ARZUM ELEKTRİKLİ EVALETLERİ SANAYİ VE TİCARET A.Ş.,ARZUM ELEKTRİKLİ EVALETLERİ SANAYİ VE TİCARET A.Ş.,,HİSSE SENETLERİ
HEH,stock,,ASELS,TRAASELS91H2,ASELSAN ELEKTRONİK SANAYİ VE TİCARET A.Ş.,ASELSAN ELEKTRONİK SANAYİ VE TİCARET A.Ş.,,HİSSE SENETLERİ
HEH,stock,,ASELS,TRAASELS91H2,ASELSAN ELEKTRONİK SANAYİ VE TİCARET A.Ş.,ASELSAN ELEKTRONİK SANAYİ VE TİCARET A.Ş.,,HİSSE SENETLERİ
HEH,stock,,ASTOR,TREASTR00013,ASTOR ENERJİ A.Ş.,ASTOR ENERJİ A.Ş.,,HİSSE SENETLERİ
HEH,stock,,ASTOR,TREASTR00013,ASTOR ENERJİ A.Ş.,ASTOR ENERJİ A.Ş.,,HİSSE SENETLERİ
HEH,stock,,BIGTK,TRADOBUR91D3,BİG MEDYA TEKNOLOJİ A.Ş.,BİG MEDYA TEKNOLOJİ A.Ş.,,HİSSE SENETLERİ
HEH,stock,,BIMAS,TREBIMM00018,BİM BİRLEŞİK MAĞAZALAR A.Ş.,BİM BİRLEŞİK MAĞAZALAR A.Ş.,,HİSSE SENETLERİ
HEH,stock,,BIMAS,TREBIMM00018,BİM BİRLEŞİK MAĞAZALAR A.Ş.,BİM BİRLEŞİK MAĞAZALAR A.Ş.,,HİSSE SENETLERİ
HEH,stock,,BRSAN,TRABRSAN91G8,BORUSAN BİRLEŞİK BORU FABRİKALARI SANAYİ VE TİCARET A.Ş.,BORUSAN BİRLEŞİK BORU FABRİKALARI SANAYİ VE TİCARET A.Ş.,,HİSSE SENETLERİ
HEH,stock,,BRSAN,TRABRSAN91G8,BORUSAN BİRLEŞİK BORU FABRİKALARI SANAYİ VE TİCARET A.Ş.,BORUSAN BİRLEŞİK BORU FABRİKALARI SANAYİ VE TİCARET A.Ş.,,HİSSE SENETLERİ
HEH,stock,,DOAS,TREDOTO00013,DOĞUŞ OTOMOTİV SERVİS VE TİCARET A.Ş.,DOĞUŞ OTOMOTİV SERVİS VE TİCARET A.Ş.,,HİSSE SENETLERİ
HEH,stock,,DOAS,TREDOTO00013,DOĞUŞ OTOMOTİV SERVİS VE TİCARET A.Ş.,DOĞUŞ OTOMOTİV SERVİS VE TİCARET A.Ş.,,HİSSE SENETLERİ
HEH,stock,,DOHOL,TRADOHOL91Q8,DOĞAN ŞİRKETLER GRUBU HOLDİNG A.Ş.,DOĞAN ŞİRKETLER GRUBU HOLDİNG A.Ş.,,HİSSE SENETLERİ
HEH,stock,,DOHOL,TRADOHOL91Q8,DOĞAN ŞİRKETLER GRUBU HOLDİNG A.Ş.,DOĞAN ŞİRKETLER GRUBU HOLDİNG A.Ş.,,HİSSE SENETLERİ
HEH,stock,,DSTKF,TREDSTF00012,DESTEK FİNANS FAKTORİNG A.Ş.,DESTEK FİNANS FAKTORİNG A.Ş.,,HİSSE SENETLERİ
HEH,stock,,ECILC,TRAECILC91E0,EİS ECZACIBAŞI İLAÇ SINAİ VE FİNANSAL YATIRIMLAR SANAYİ VE TİCARET A.Ş.,EİS ECZACIBAŞI İLAÇ SINAİ VE FİNANSAL YATIRIMLAR SANAYİ VE TİCARET A.Ş.,,HİSSE SENETLERİ
HEH,stock,,EKGYO,TREEGYO00017,EMLAK KONUT GAYRİMENKUL YATIRIM ORTAKLIĞI A.Ş.,EMLAK KONUT GAYRİMENKUL YATIRIM ORTAKLIĞI A.Ş.,,HİSSE SENETLERİ
HEH,stock,,EKGYO,TREEGYO00017,EMLAK KONUT GAYRİMENKUL YATIRIM ORTAKLIĞI A.Ş.,EMLAK KONUT GAYRİMENKUL YATIRIM ORTAKLIĞI A.Ş.,,HİSSE SENETLERİ
HEH,stock,,ENJSA,TREENSA00014,ENERJİSA ENERJİ A.Ş.,ENERJİSA ENERJİ A.Ş.,,HİSSE SENETLERİ
HEH,stock,,ENJSA,TREENSA00014,ENERJİSA ENERJİ A.Ş.,ENERJİSA ENERJİ A.Ş.,,HİSSE SENETLERİ
HEH,stock,,ENKAI,TREENKA00011,ENKA İNŞAAT VE SANAYİ A.Ş.,ENKA İNŞAAT VE SANAYİ A.Ş.,,HİSSE SENETLERİ
HEH,stock,,ENKAI,TREENKA00011,ENKA İNŞAAT VE SANAYİ A.Ş.,ENKA İNŞAAT VE SANAYİ A.Ş.,,HİSSE SENETLERİ
HEH,stock,,FROTO,TRAOTOSN91H6,FORD OTOMOTİV SANAYİ A.Ş.,FORD OTOMOTİV SANAYİ A.Ş.,,HİSSE SENETLERİ
HEH,stock,,FROTO,TRAOTOSN91H6,FORD OTOMOTİV SANAYİ A.Ş.,FORD OTOMOTİV SANAYİ A.Ş.,,HİSSE SENETLERİ
HEH,stock,,GARAN,TRAGARAN91N1,TÜRKİYE GARANTİ BANKASI A.Ş.,TÜRKİYE GARANTİ BANKASI A.Ş.,,HİSSE SENETLERİ
HEH,stock,,GARAN,TRAGARAN91N1,TÜRKİYE GARANTİ BANKASI A.Ş.,TÜRKİYE GARANTİ BANKASI A.Ş.,,HİSSE SENETLERİ
HEH,stock,,GUBRF,TRAGUBRF91E2,GÜBRE FABRİKALARI T.A.Ş.,GÜBRE FABRİKALARI T.A.Ş.,,HİSSE SENETLERİ
HEH,stock,,GUBRF,TRAGUBRF91E2,GÜBRE FABRİKALARI T.A.Ş.,GÜBRE FABRİKALARI T.A.Ş.,,HİSSE SENETLERİ
HEH,stock,,HEKTS,TRAHEKTS91E4,HEKTAS TICARET T.A.Ş.,HEKTAS TICARET T.A.Ş.,,HİSSE SENETLERİ
HEH,stock,,HEKTS,TRAHEKTS91E4,HEKTAS TICARET T.A.Ş.,HEKTAS TICARET T.A.Ş.,,HİSSE SENETLERİ
HEH,stock,,IMASM,TREIMAS00017,İMAŞMAKİNA SANAYİ A.Ş.,İMAŞMAKİNA SANAYİ A.Ş.,,HİSSE SENETLERİ
HEH,stock,,ISCTR,TRAISCTR91N2,TÜRKİYE İŞ BANKASI A.Ş. B,TÜRKİYE İŞ BANKASI A.Ş. B,,HİSSE SENETLERİ
HEH,stock,,ISCTR,TRAISCTR91N2,TÜRKİYE İŞ BANKASI A.Ş. B,TÜRKİYE İŞ BANKASI A.Ş. B,,HİSSE SENETLERİ
HEH,stock,,ISGYO,TRAISGYO91Q3,İŞ GAYRİMENKUL YATIRIM ORTAKLIĞI A.Ş.,İŞ GAYRİMENKUL YATIRIM ORTAKLIĞI A.Ş.,,HİSSE SENETLERİ
HEH,stock,,KARSN,TRAKARSN91H7,KARSAN OTOMOTİV SANAYİİ VE TİCARET A.Ş.,KARSAN OTOMOTİV SANAYİİ VE TİCARET A.Ş.,,HİSSE SENETLERİ
HEH,stock,,KCHOL,TRAKCHOL91Q8,KOÇ HOLDİNG A.Ş.,KOÇ HOLDİNG A.Ş.,,HİSSE SENETLERİ
HEH,stock,,KCHOL,TRAKCHOL91Q8,KOÇ HOLDİNG A.Ş.,KOÇ HOLDİNG A.Ş.,,HİSSE SENETLERİ
HEH,stock,,KONTR,TREKNTR00013,KONTROLM ATİK TEKNOLOJİ ENERJİ VE MÜHENDİSLİK A.Ş.,KONTROLM ATİK TEKNOLOJİ ENERJİ VE MÜHENDİSLİK A.Ş.,,HİSSE SENETLERİ
HEH,stock,,KRDMD,TRAKRDMR91G7,KARD EMİR KARABÜK DEMİR ÇELİK SANAYİ VE TİCARET A.Ş.,KARD EMİR KARABÜK DEMİR ÇELİK SANAYİ VE TİCARET A.Ş.,,HİSSE SENETLERİ
HEH,stock,,KRDMD,TRAKRDMR91G7,KARD EMİR KARABÜK DEMİR ÇELİK SANAYİ VE TİCARET A.Ş.,KARD EMİR KARABÜK DEMİR ÇELİK SANAYİ VE TİCARET A.Ş.,,HİSSE SENETLERİ
HEH,stock,,MGROS,TREMGTI00012,MİGROS TİCARET A.Ş.,MİGROS TİCARET A.Ş.,,HİSSE SENETLERİ
HEH,stock,,MGROS,TREMGTI00012,MİGROS TİCARET A.Ş.,MİGROS TİCARET A.Ş.,,HİSSE SENETLERİ
HEH,stock,,ODAS,TREODAS00014,ODAŞ ELEKTRİK ÜRETİM SANAYİ TİCARET A.Ş.,ODAŞ ELEKTRİK ÜRETİM SANAYİ TİCARET A.Ş.,,HİSSE SENETLERİ
HEH,stock,,ODAS,TREODAS00014,ODAŞ ELEKTRİK ÜRETİM SANAYİ TİCARET A.Ş.,ODAŞ ELEKTRİK ÜRETİM SANAYİ TİCARET A.Ş.,,HİSSE SENETLERİ
HEH,stock,,OYAKC,TRAMRDIN91F2,OYAK ÇİMENTO FABRİKALARI A.Ş.,OYAK ÇİMENTO FABRİKALARI A.Ş.,,HİSSE SENETLERİ
HEH,stock,,OYAKC,TRAMRDIN91F2,OYAK ÇİMENTO FABRİKALARI A.Ş.,OYAK ÇİMENTO FABRİKALARI A.Ş.,,HİSSE SENETLERİ
HEH,stock,,PETKM,TRAPETKM91E0,PETKİM PETROKİMYA HOLDİNG A.Ş.,PETKİM PETROKİMYA HOLDİNG A.Ş.,,HİSSE SENETLERİ
HEH,stock,,PETKM,TRAPETKM91E0,PETKİM PETROKİMYA HOLDİNG A.Ş.,PETKİM PETROKİMYA HOLDİNG A.Ş.,,HİSSE SENETLERİ
HEH,stock,,PGSUS,TREPEGS00016,PEGASUS HAVA TAŞIMACILIĞI A.Ş.,PEGASUS HAVA TAŞIMACILIĞI A.Ş.,,HİSSE SENETLERİ
HEH,stock,,SAHOL,TRASAHOL91Q5,HACIÖMER SABANCI HOLDİNG A.Ş.,HACIÖMER SABANCI HOLDİNG A.Ş.,,HİSSE SENETLERİ
HEH,stock,,SAHOL,TRASAHOL91Q5,HACIÖMER SABANCI HOLDİNG A.Ş.,HACIÖMER SABANCI HOLDİNG A.Ş.,,HİSSE SENETLERİ
HEH,stock,,SASA,TRASASAW91E4,SASA POLYESTER SANAYİ A.Ş.,SASA POLYESTER SANAYİ A.Ş.,,HİSSE SENETLERİ
HEH,stock,,SASA,TRASASAW91E4,SASA POLYESTER SANAYİ A.Ş.,SASA POLYESTER SANAYİ A.Ş.,,HİSSE SENETLERİ
HEH,stock,,SKBNK,TRASKBNK91N8,ŞEKER BANK T.A.Ş.,ŞEKER BANK T.A.Ş.,,HİSSE SENETLERİ
HEH,stock,,SOKM,TRESOKM00022,ŞOK MARKETLER TİCARET A.Ş.,ŞOK MARKETLER TİCARET A.Ş.,,HİSSE SENETLERİ
HEH,stock,,SOKM,TRESOKM00022,ŞOK MARKETLER TİCARET A.Ş.,ŞOK MARKETLER TİCARET A.Ş.,,HİSSE SENETLERİ
HEH,stock,,TAVHL,TRETAVH00018,TAV HAVALİMANLARI HOLDİNG A.Ş.,TAV HAVALİMANLARI HOLDİNG A.Ş.,,HİSSE SENETLERİ
HEH,stock,,TAVHL,TRETAVH00018,TAV HAVALİMANLARI HOLDİNG A.Ş.,TAV HAVALİMANLARI HOLDİNG A.Ş.,,HİSSE SENETLERİ
HEH,stock,,TCELL,TRATCELL91M1,TURKCELL İLETİŞİM HİZMETLERİ A.Ş.,TURKCELL İLETİŞİM HİZMETLERİ A.Ş.,,HİSSE SENETLERİ
HEH,stock,,TCELL,TRATCELL91M1,TURKCELL İLETİŞİM HİZMETLERİ A.Ş.,TURKCELL İLETİŞİM HİZMETLERİ A.Ş.,,HİSSE SENETLERİ
HEH,stock,,THYAO,TRATHYAO91M5,TÜRK HAVA YOLLARI A.O.,TÜRK HAVA YOLLARI A.O.,,HİSSE SENETLERİ
HEH,stock,,THYAO,TRATHYAO91M5,TÜRK HAVA YOLLARI A.O.,TÜRK HAVA YOLLARI A.O.,,HİSSE SENETLERİ
HEH,stock,,TKFEN,TRETKHO00012,TEKFEN HOLDİNG A.Ş.,TEKFEN HOLDİNG A.Ş.,,HİSSE SENETLERİ
HEH,stock,,TKFEN,TRETKHO00012,TEKFEN HOLDİNG A.Ş.,TEKFEN HOLDİNG A.Ş.,,HİSSE SENETLERİ
HEH,stock,,TRALT,TREKOAL00014,TÜRK ALTIN İŞLETMELERİ A.Ş.,KOZA ALTIN İŞLETMELERİ A.Ş.,,HİSSE SENETLERİ
HEH,stock,,TRALT,TREKOAL00014,TÜRK ALTIN İŞLETMELERİ A.Ş.,KOZA ALTIN İŞLETMELERİ A.Ş.,,HİSSE SENETLERİ
HEH,stock,,TRMET,TREKOZA00014,KOZA ANADOLU METAL MADENCİLİK İŞLETMELERİ A.Ş.,KOZA ANADOLU METAL MADENCİLİK İŞLETMELERİ A.Ş.,,HİSSE SENETLERİ
HEH,stock,,TRMET,TREKOZA00014,KOZA ANADOLU METAL MADENCİLİK İŞLETMELERİ A.Ş.,KOZA ANADOLU METAL MADENCİLİK İŞLETMELERİ A.Ş.,,HİSSE SENETLERİ
HEH,stock,,TSKB,TRATSKBW91N0,TÜRKİYE SINAİ KALKINMA BANKASI A.Ş.,TÜRKİYE SINAİ KALKINMA BANKASI A.Ş.,,HİSSE SENETLERİ
HEH,stock,,TSKB,TRATSKBW91N0,TÜRKİYE SINAİ KALKINMA BANKASI A.Ş.,TÜRKİYE SINAİ KALKINMA BANKASI A.Ş.,,HİSSE SENETLERİ
HEH,stock,,TTKOM,TRETTLK00013,TÜRK TELEKOMÜNİKASYON A.Ş.,TÜRK TELEKOMÜNİKASYON A.Ş.,,HİSSE SENETLERİ
HEH,stock,,TTKOM,TRETTLK00013,TÜRK TELEKOMÜNİKASYON A.Ş.,TÜRK TELEKOMÜNİKASYON A.Ş.,,HİSSE SENETLERİ
HEH,stock,,TUPRS,TRATUPRS91E8,TÜPRAŞ- TÜRKİYE PETROL RAFİNERİLERİ A.Ş.,TÜPRAS TÜRKİYE PETROL RAFINERILERI A.Ş.,,HİSSE SENETLERİ
HEH,stock,,ULKER,TREULKR00015,ÜLKER BİSKÜVİ SANAYİ A.Ş.,ÜLKER BİSKÜVİ SANAYİ A.Ş.,,HİSSE SENETLERİ
HEH,stock,,ULKER,TREULKR00015,ÜLKER BİSKÜVİ SANAYİ A.Ş.,ÜLKER BİSKÜVİ SANAYİ A.Ş.,,HİSSE SENETLERİ
HEH,stock,,VAKBN,TREVKFB00019,TÜRKIYE VAKıFLAR BANKASı T.A.O,TÜRKİYE VAKIFLAR BANKASI T.A.O.,,HİSSE SENETLERİ
HEH,stock,,VAKBN,TREVKFB00019,TÜRKIYE VAKıFLAR BANKASı T.A.O,TÜRKİYE VAKIFLAR BANKASI T.A.O.,,HİSSE SENETLERİ
HEH,stock,,VESTL,TRAVESTL91H6,VESTEL ELEKTRONİK SANAYİ VE TİCARET A.Ş.,VESTEL ELEKTRONİK SANAYİ VE TİCARET A.Ş.,,HİSSE SENETLERİ
HEH,stock,,VESTL,TRAVESTL91H6,VESTEL ELEKTRONİK SANAYİ VE TİCARET A.Ş.,VESTEL ELEKTRONİK SANAYİ VE TİCARET A.Ş.,,HİSSE SENETLERİ
HEH,stock,,YKBNK,TRAYKBNK91N6,YAPI VE KREDİ BANKASI A.Ş.,YAPI VE KREDİ BANKASI A.Ş.,,HİSSE SENETLERİ
HEH,stock,,YKBNK,TRAYKBNK91N6,YAPI VE KREDİ BANKASI A.Ş.,YAPI VE KREDİ BANKASI A.Ş.,,HİSSE SENETLERİ
HEH,stock,short position,CIMSA,TRACIMSA91F9,ÇİMSA ÇİMENTO SANAYİ VE TİCARET A.Ş.,ÇİMSA ÇİMENTO SANAYİ VE TİCARET A.Ş.,,AÇIĞA SATIŞ
HEH,stock,short position,EREGL,TRAEREGL91G3,EREĞLİ DEMİR VE ÇELİK FABRİKALARI T.A.Ş.,EREĞLİ DEMİR VE ÇELİK FABRİKALARI T.A.Ş.,,AÇIĞA SATIŞ
HEH,stock,short position,HALKB,TRETHAL00019,TÜRKİYE HALK BANKASI A.Ş.,TÜRKİYE HALK BANKASI A.Ş.,,AÇIĞA SATIŞ
HEH,stock,short position,SISE,TRASISEW91Q3,TÜRKİYE ŞİŞE VE CAM FABRİKALARI A.Ş.,TÜRKİYE ŞİŞE VE CAM FABRİKALARI A.Ş.,,AÇIĞA SATIŞ
HEH,stock,short position,TOASO,TRATOASO91H3,TOFAŞ TÜRK OTOMOBİL FABRİKASI A.Ş.,TOFAŞ TÜRK OTOMOBİL FABRİKASI A.Ş.,,AÇIĞA SATIŞ
HEH,stock,securities lending,CIMSA,TRACIMSA91F9,ÇİMSA ÇİMENTO SANAYİ VE TİCARET A.Ş.,ÇİMSA ÇİMENTO SANAYİ VE TİCARET A.Ş.,,ÖDÜNÇ ALMA
HEH,stock,securities lending,CIMSA,TRACIMSA91F9,ÇİMSA ÇİMENTO SANAYİ VE TİCARET A.Ş.,ÇİMSA ÇİMENTO SANAYİ VE TİCARET A.Ş.,,ÖDÜNÇ ALMA
HEH,stock,securities lending,CIMSA,TRACIMSA91F9,ÇİMSA ÇİMENTO SANAYİ VE TİCARET A.Ş.,ÇİMSA ÇİMENTO SANAYİ VE TİCARET A.Ş.,,ÖDÜNÇ ALMA
HEH,stock,securities lending,CIMSA,TRACIMSA91F9,ÇİMSA ÇİMENTO SANAYİ VE TİCARET A.Ş.,ÇİMSA ÇİMENTO SANAYİ VE TİCARET A.Ş.,,ÖDÜNÇ ALMA
HEH,stock,securities lending,CIMSA,TRACIMSA91F9,ÇİMSA ÇİMENTO SANAYİ VE TİCARET A.Ş.,ÇİMSA ÇİMENTO SANAYİ VE TİCARET A.Ş.,,ÖDÜNÇ ALMA
HEH,stock,securities lending,CIMSA,TRACIMSA91F9,ÇİMSA ÇİMENTO SANAYİ VE TİCARET A.Ş.,ÇİMSA ÇİMENTO SANAYİ VE TİCARET A.Ş.,,ÖDÜNÇ ALMA
HEH,stock,securities lending,EREGL,TRAEREGL91G3,EREĞLİ DEMİR VE ÇELİK FABRİKALARI T.A.Ş.,EREĞLİ DEMİR VE ÇELİK FABRİKALARI T.A.Ş.,,ÖDÜNÇ ALMA
HEH,stock,securities lending,EREGL,TRAEREGL91G3,EREĞLİ DEMİR VE ÇELİK FABRİKALARI T.A.Ş.,EREĞLİ DEMİR VE ÇELİK FABRİKALARI T.A.Ş.,,ÖDÜNÇ ALMA
HEH,stock,securities lending,EREGL,TRAEREGL91G3,EREĞLİ DEMİR VE ÇELİK FABRİKALARI T.A.Ş.,EREĞLİ DEMİR VE ÇELİK FABRİKALARI T.A.Ş.,,ÖDÜNÇ ALMA
HEH,stock,securities lending,SISE,TRASISEW91Q3,TÜRKİYE ŞİŞE VE CAM FABRİKALARI A.Ş.,TÜRKİYE ŞİŞE VE CAM FABRİKALARI A.Ş.,,ÖDÜNÇ ALMA
HEH,stock,securities lending,SISE,TRASISEW91Q3,TÜRKİYE ŞİŞE VE CAM FABRİKALARI A.Ş.,TÜRKİYE ŞİŞE VE CAM FABRİKALARI A.Ş.,,ÖDÜNÇ ALMA
HEH,stock,securities lending,SISE,TRASISEW91Q3,TÜRKİYE ŞİŞE VE CAM FABRİKALARI A.Ş.,TÜRKİYE ŞİŞE VE CAM FABRİKALARI A.Ş.,,ÖDÜNÇ ALMA
HEH,stock,securities lending,TOASO,TRATOASO91H3,TOFAŞ TÜRK OTOMOBİL FABRİKASI A.Ş.,TOFAŞ TÜRK OTOMOBİL FABRİKASI A.Ş.,,ÖDÜNÇ ALMA
HEH,stock,securities lending,TOASO,TRATOASO91H3,TOFAŞ TÜRK OTOMOBİL FABRİKASI A.Ş.,TOFAŞ TÜRK OTOMOBİL FABRİKASI A.Ş.,,ÖDÜNÇ ALMA
HEH,stock,securities lending,TOASO,TRATOASO91H3,TOFAŞ TÜRK OTOMOBİL FABRİKASI A.Ş.,TOFAŞ TÜRK OTOMOBİL FABRİKASI A.Ş.,,ÖDÜNÇ ALMA
HEH,stock,securities lending,TOASO,TRATOASO91H3,TOFAŞ TÜRK OTOMOBİL FABRİKASI A.Ş.,TOFAŞ TÜRK OTOMOBİL FABRİKASI A.Ş.,,ÖDÜNÇ ALMA
HFI,stock,,ALBRK,TREALBK00011,ALBARAKA TÜRK KATILIM BANKASI A.Ş.,ALBARAKA TÜRK KATILIM BANKASI A.Ş.,,HİSSE SENETLERİ
HFI,stock,,ALTNY,TREALTA00014,ALTINAY SAVUNMA TEKNOLOJİLERİ A.Ş.,ALTINAY SAVUNMA TEKNOLOJİLERİ A.Ş.,,HİSSE SENETLERİ
HFI,stock,,ASELS,TRAASELS91H2,ASELSAN ELEKTRONİK SANAYİ VE TİCARET A.Ş.,ASELSAN ELEKTRONİK SANAYİ VE TİCARET A.Ş.,,HİSSE SENETLERİ
HFI,stock,,BIMAS,TREBIMM00018,BİM BİRLEŞİK MAĞAZALAR A.Ş.,BİM BİRLEŞİK MAĞAZALAR A.Ş.,,HİSSE SENETLERİ
HFI,stock,,EBEBK,TREEBEB00025,EBEBEK MAĞAZACILIK A.Ş.,EBEBEK MAĞAZACILIK A.Ş.,,HİSSE SENETLERİ
HFI,stock,,EKGYO,TREEGYO00017,EMLAK KONUT GAYRİMENKUL YATIRIM ORTAKLIĞI A.Ş.,EMLAK KONUT GAYRİMENKUL YATIRIM ORTAKLIĞI A.Ş.,,HİSSE SENETLERİ
HFI,stock,,ENJSA,TREENSA00014,ENERJİSA ENERJİ A.Ş.,ENERJİSA ENERJİ A.Ş.,,HİSSE SENETLERİ
HFI,stock,,EREGL,TRAEREGL91G3,EREĞLİ DEMİR VE ÇELİK FABRİKALARI T.A.Ş.,EREĞLİ DEMİR VE ÇELİK FABRİKALARI T.A.Ş.,,HİSSE SENETLERİ
HFI,stock,,EUPWR,TREEUPW00019,EUROPOWER ENERJİ VE OTOMASYON TEKNOLOJİLERİ SANAYİ TİCARET A.Ş.,EUROPOWER ENERJİ VE OTOMASYON TEKNOLOJİLERİ SANAYİ TİCARET A.Ş.,,HİSSE SENETLERİ
HFI,stock,,GENIL,TREGENL00024,GEN İLAÇ VE SAĞLIK ÜRÜNLERİ SANAYİ VE TİCARET A.Ş.,GEN İLAÇ VE SAĞLIK ÜRÜNLERİ SANAYİ VE TİCARET A.Ş.,,HİSSE SENETLERİ
HFI,stock,,GLRMK,TREGLRM00010,GÜLERMAK AĞIR SANAYİ İNŞAAT VE TAAHHÜT A.Ş.,GÜLERMAK AĞIR SANAYİ İNŞAAT VE TAAHHÜT A.Ş.,,HİSSE SENETLERİ
HFI,stock,,GRSEL,TREGRSL00025,GÜR-SEL TURİZM TAŞIMACILIK VE SERVİS TİCARET A.Ş.,GÜR-SEL TURİZM TAŞIMACILIK VE SERVİS TİCARET A.Ş.,,HİSSE SENETLERİ
HFI,stock,,GUBRF,TRAGUBRF91E2,GÜBRE FABRİKALARI T.A.Ş.,GÜBRE FABRİKALARI T.A.Ş.,,HİSSE SENETLERİ
HFI,stock,,KCAER,TREKCAE00030,KOCAER ÇELİK SANAYİ VE TİCARET A.Ş.,KOCAER ÇELİK SANAYİ VE TİCARET A.Ş.,,HİSSE SENETLERİ
HFI,stock,,KRDMD,TRAKRDMR91G7,KARD EMİR KARABÜK DEMİR ÇELİK SANAYİ VE TİCARET A.Ş.,KARD EMİR KARABÜK DEMİR ÇELİK SANAYİ VE TİCARET A.Ş.,,HİSSE SENETLERİ
HFI,stock,,MAVI,TREMAVI00037,MAVİ GİYİM SANAYİ VE TİCARET A.Ş.,MAVİ GİYİM SANAYİ VE TİCARET A.Ş.,,HİSSE SENETLERİ
HFI,stock,,MPARK,TREMLPC00021,MLP SAĞLIK HİZMETLERİ A.Ş.,MLP SAĞLIK HİZMETLERİ A.Ş.,,HİSSE SENETLERİ
HFI,stock,,RGYAS,TRERSGY00036,RÖNESANS GAYRİMENKUL YATIRIM A.Ş.,RÖNESANSGAYRİ MENKUL YATIRIM A.Ş.,,HİSSE SENETLERİ
HFI,stock,,SELEC,TRESLEC00014,SELÇUK ECZA DEPOSU TİCARET VE SANAYİ A.Ş.,SELÇUK ECZA DEPOSU TİCARET VE SANAYİ A.Ş.,,HİSSE SENETLERİ
HFI,stock,,SNGYO,TRESNGY00019,SİNPAŞGAYRİ MENKUL YATIRIM ORTAKLIĞI A.Ş.,SİNPAŞGAYRİ MENKUL YATIRIM ORTAKLIĞI A.Ş.,,HİSSE SENETLERİ
HFI,stock,,TUPRS,TRATUPRS91E8,TÜPRAŞ- TÜRKİYE PETROL RAFİNERİLERİ A.Ş.,TÜPRAS TÜRKİYE PETROL RAFINERILERI A.Ş.,,HİSSE SENETLERİ
HFI,fund,ETF,Z30KP,TRYZIPO00220,,,ZİRAAT PORTFÖY KATILIM ENDEKSİ HİSSE SENEDİ YOĞUN BORSA YATIRIM FONU,DİĞER
HFI,fund,,HPH,TRYHDFP00839,,,HEDEF PORTFÖY PARA PİYASASI KATILIM FONU,DİĞER
HIM,stock,,AEFES,TRAAEFES91A9,ANADOLU EFES BİRACILIK VE MALT SANAYİİ A.Ş.,ANADOLU EFES BİRACILIK VE MALT SANAYİİ A.Ş.,,HİSSE SENETLERİ
HIM,stock,,AKBNK,TRAAKBNK91N6,AKBANK T.A.Ş.,AKBANK T.A.Ş.,,HİSSE SENETLERİ
HIM,stock,,AKBNK,TRAAKBNK91N6,AKBANK T.A.Ş.,AKBANK T.A.Ş.,,HİSSE SENETLERİ
HIM,stock,,AKSEN,TREAKSN00011,AKSA ENERJİ ÜRETİM A.Ş.,AKSA ENERJİ ÜRETİM A.Ş.,,HİSSE SENETLERİ
HIM,stock,,ALARK,TRAALARK91Q0,ALARKO HOLDİNG A.Ş.,ALARKO HOLDİNG A.Ş.,,HİSSE SENETLERİ
HIM,stock,,ARCLK,TRAARCLK91H5,ARÇELİK A.Ş.,ARÇELİK A.Ş.,,HİSSE SENETLERİ
HIM,stock,,ASELS,TRAASELS91H2,ASELSAN ELEKTRONİK SANAYİ VE TİCARET A.Ş.,ASELSAN ELEKTRONİK SANAYİ VE TİCARET A.Ş.,,HİSSE SENETLERİ
HIM,stock,,ASELS,TRAASELS91H2,ASELSAN ELEKTRONİK SANAYİ VE TİCARET A.Ş.,ASELSAN ELEKTRONİK SANAYİ VE TİCARET A. HIM - Ş.,,HİSSE SENETLERİ
HIM,stock,,ASTOR,TREASTR00013,ASTOR ENERJİ A.Ş.,ASTOR ENERJİ A.Ş.,,HİSSE SENETLERİ
HIM,stock,,ASTOR,TREASTR00013,ASTOR ENERJİ A.Ş.,ASTOR ENERJİ A.Ş.,,HİSSE SENETLERİ
HIM,stock,,BIMAS,TREBIMM00018,BİM BİRLEŞİK MAĞAZALAR A.Ş.,BİM BİRLEŞİK MAĞAZALAR A.Ş.,,HİSSE SENETLERİ
HIM,stock,,BIMAS,TREBIMM00018,BİM BİRLEŞİK MAĞAZALAR A.Ş.,BİM BİRLEŞİK MAĞAZALAR A.Ş.,,HİSSE SENETLERİ
HIM,stock,,BRSAN,TRABRSAN91G8,BORUSAN BİRLEŞİK BORU FABRİKALARI SANAYİ VE TİCARET A.Ş.,BORUSAN BİRLEŞİK BORU FABRİKALARI SANAYİ VE TİCARET A.Ş.,,HİSSE SENETLERİ
HIM,stock,,CIMSA,TRACIMSA91F9,ÇİMSA ÇİMENTO SANAYİ VE TİCARET A.Ş.,ÇİMSA ÇİMENTO SANAYİ VE TİCARET A.Ş.,,HİSSE SENETLERİ
HIM,stock,,DSTKF,TREDSTF00012,DESTEK FİNANS FAKTORİNG A.Ş.,DESTEK FİNANS FAKTORİNG A.Ş.,,HİSSE SENETLERİ
HIM,stock,,DSTKF,TREDSTF00012,DESTEK FİNANS FAKTORİNG A.Ş.,DESTEK FİNANS FAKTORİNG A.Ş.,,HİSSE SENETLERİ
HIM,stock,,EKGYO,TREEGYO00017,EMLAK KONUT GAYRİMENKUL YATIRIM ORTAKLIĞI A.Ş.,EMLAK KONUT GAYRİMENKUL YATIRIM ORTAKLIĞI A.Ş.,,HİSSE SENETLERİ
HIM,stock,,EKGYO,TREEGYO00017,EMLAK KONUT GAYRİMENKUL YATIRIM ORTAKLIĞI A.Ş.,EMLAK KONUT GAYRİMENKUL YATIRIM ORTAKLIĞI A.Ş.,,HİSSE SENETLERİ
HIM,stock,,ENKAI,TREENKA00011,ENKA İNŞAAT VE SANAYİ A.Ş.,ENKA İNŞAAT VE SANAYİ A.Ş.,,HİSSE SENETLERİ
HIM,stock,,EREGL,TRAEREGL91G3,EREĞLİ DEMİR VE ÇELİK FABRİKALARI T.A.Ş.,EREĞLİ DEMİR VE ÇELİK FABRİKALARI T.A.Ş.,,HİSSE SENETLERİ
HIM,stock,,EREGL,TRAEREGL91G3,EREĞLİ DEMİR VE ÇELİK FABRİKALARI T.A.Ş.,EREĞLİ DEMİR VE ÇELİK FABRİKALARI T.A.Ş.,,HİSSE SENETLERİ
HIM,stock,,FROTO,TRAOTOSN91H6,FORD OTOMOTİV SANAYİ A.Ş.,FORD OTOMOTİV SANAYİ A.Ş.,,HİSSE SENETLERİ
HIM,stock,,FROTO,TRAOTOSN91H6,FORD OTOMOTİV SANAYİ A.Ş.,FORD OTOMOTİV SANAYİ A.Ş.,,HİSSE SENETLERİ
HIM,stock,,GARAN,TRAGARAN91N1,TÜRKİYE GARANTİ BANKASI A.Ş.,TÜRKİYE GARANTİ BANKASI A.Ş.,,HİSSE SENETLERİ
HIM,stock,,GARAN,TRAGARAN91N1,TÜRKİYE GARANTİ BANKASI A.Ş.,TÜRKİYE GARANTİ BANKASI A.Ş.,,HİSSE SENETLERİ
HIM,stock,,GUBRF,TRAGUBRF91E2,GÜBRE FABRİKALARI T.A.Ş.,GÜBRE FABRİKALARI T.A.Ş.,,HİSSE SENETLERİ
HIM,stock,,HEKTS,TRAHEKTS91E4,HEKTAS TICARET T.A.Ş.,HEKTAS TICARET T.A.Ş.,,HİSSE SENETLERİ
HIM,stock,,ISCTR,TRAISCTR91N2,TÜRKİYE İŞ BANKASI A.Ş. B,TÜRKİYE İŞ BANKASI A.Ş. B,,HİSSE SENETLERİ
HIM,stock,,ISCTR,TRAISCTR91N2,TÜRKİYE İŞ BANKASI A.Ş. B,TÜRKİYE İŞ BANKASI A.Ş. B,,HİSSE SENETLERİ
HIM,stock,,KCHOL,TRAKCHOL91Q8,KOÇ HOLDİNG A.Ş.,KOÇ HOLDİNG A.Ş.,,HİSSE SENETLERİ
HIM,stock,,KRDMD,TRAKRDMR91G7,KARD EMİR KARABÜK DEMİR ÇELİK SANAYİ VE TİCARET A.Ş.,KARD EMİR KARABÜK DEMİR ÇELİK SANAYİ VE TİCARET A.Ş.,,HİSSE SENETLERİ
HIM,stock,,KRDMD,TRAKRDMR91G7,KARD EMİR KARABÜK DEMİR ÇELİK SANAYİ VE TİCARET A.Ş.,KARD EMİR KARABÜK DEMİR ÇELİK SANAYİ VE TİCARET A.Ş.,,HİSSE SENETLERİ
HIM,stock,,MGROS,TREMGTI00012,MİGROS TİCARET A.Ş.,MİGROS TİCARET A.Ş.,,HİSSE SENETLERİ
HIM,stock,,OYAKC,TRAMRDIN91F2,OYAK ÇİMENTO FABRİKALARI A.Ş.,OYAK ÇİMENTO FABRİKALARI A.Ş.,,HİSSE SENETLERİ
HIM,stock,,PETKM,TRAPETKM91E0,PETKİM PETROKİMYA HOLDİNG A.Ş.,PETKİM PETROKİMYA HOLDİNG A.Ş.,,HİSSE SENETLERİ
HIM,stock,,PGSUS,TREPEGS00016,PEGASUS HAVA TAŞIMACILIĞI A.Ş.,PEGASUS HAVA TAŞIMACILIĞI A.Ş.,,HİSSE SENETLERİ
HIM,stock,,SAHOL,TRASAHOL91Q5,HACIÖMER SABANCI HOLDİNG A.Ş.,HACIÖMER SABANCI HOLDİNG A.Ş.,,HİSSE SENETLERİ
HIM,stock,,SAHOL,TRASAHOL91Q5,HACIÖMER SABANCI HOLDİNG A.Ş.,HACIÖMER SABANCI HOLDİNG A.Ş.,,HİSSE SENETLERİ
HIM,stock,,SASA,TRASASAW91E4,SASA POLYESTER SANAYİ A.Ş.,SASA POLYESTE HIM - R SANAYİ A.Ş.,,HİSSE SENETLERİ
HIM,stock,,SASA,TRASASAW91E4,SASA POLYESTER SANAYİ A.Ş.,SASA POLYESTER SANAYİ A.Ş.,,HİSSE SENETLERİ
HIM,stock,,SISE,TRASISEW91Q3,TÜRKİYE ŞİŞE VE CAM FABRİKALARI A.Ş.,TÜRKİYE ŞİŞE VE CAM FABRİKALARI A.Ş.,,HİSSE SENETLERİ
HIM,stock,,SISE,TRASISEW91Q3,TÜRKİYE ŞİŞE VE CAM FABRİKALARI A.Ş.,TÜRKİYE ŞİŞE VE CAM FABRİKALARI A.Ş.,,HİSSE SENETLERİ
HIM,stock,,TAVHL,TRETAVH00018,TAV HAVALİMANLARI HOLDİNG A.Ş.,TAV HAVALİMANLARI HOLDİNG A.Ş.,,HİSSE SENETLERİ
HIM,stock,,TCELL,TRATCELL91M1,TURKCELL İLETİŞİM HİZMETLERİ A.Ş.,TURKCELL İLETİŞİM HİZMETLERİ A.Ş.,,HİSSE SENETLERİ
HIM,stock,,TCELL,TRATCELL91M1,TURKCELL İLETİŞİM HİZMETLERİ A.Ş.,TURKCELL İLETİŞİM HİZMETLERİ A.Ş.,,HİSSE SENETLERİ
HIM,stock,,THYAO,TRATHYAO91M5,TÜRK HAVA YOLLARI A.O.,TÜRK HAVA YOLLARI A.O.,,HİSSE SENETLERİ
HIM,stock,,TKFEN,TRETKHO00012,TEKFEN HOLDİNG A.Ş.,TEKFEN HOLDİNG A.Ş.,,HİSSE SENETLERİ
HIM,stock,,TOASO,TRATOASO91H3,TOFAŞ TÜRK OTOMOBİL FABRİKASI A.Ş.,TOFAŞ TÜRK OTOMOBİL FABRİKASI A.Ş.,,HİSSE SENETLERİ
HIM,stock,,TRALT,TREKOAL00014,TÜRK ALTIN İŞLETMELERİ A.Ş.,KOZA ALTIN İŞLETMELERİ A.Ş.,,HİSSE SENETLERİ
HIM,stock,,TRALT,TREKOAL00014,TÜRK ALTIN İŞLETMELERİ A.Ş.,KOZA ALTIN İŞLETMELERİ A.Ş.,,HİSSE SENETLERİ
HIM,stock,,TRMET,TREKOZA00014,KOZA ANADOLU METAL MADENCİLİK İŞLETMELERİ A.Ş.,KOZA ANADOLU METAL MADENCİLİK İŞLETMELERİ A.Ş.,,HİSSE SENETLERİ
HIM,stock,,TSKB,TRATSKBW91N0,TÜRKİYE SINAİ KALKINMA BANKASI A.Ş.,TÜRKİYE SINAİ KALKINMA BANKASI A.Ş.,,HİSSE SENETLERİ
HIM,stock,,TTKOM,TRETTLK00013,TÜRK TELEKOMÜNİKASYON A.Ş.,TÜRK TELEKOMÜNİKASYON A.Ş.,,HİSSE SENETLERİ
HIM,stock,,TUPRS,TRATUPRS91E8,TÜPRAŞ- TÜRKİYE PETROL RAFİNERİLERİ A.Ş.,TÜPRAS TÜRKİYE PETROL RAFINERILERI A.Ş.,,HİSSE SENETLERİ
HIM,stock,,TUPRS,TRATUPRS91E8,TÜPRAŞ- TÜRKİYE PETROL RAFİNERİLERİ A.Ş.,TÜPRAS TÜRKİYE PETROL RAFINERILERI A.Ş.,,HİSSE SENETLERİ
HIM,stock,,ULKER,TREULKR00015,ÜLKER BİSKÜVİ SANAYİ A.Ş.,ÜLKER BİSKÜVİ SANAYİ A.Ş.,,HİSSE SENETLERİ
HIM,stock,,VAKBN,TREVKFB00019,TÜRKIYE VAKıFLAR BANKASı T.A.O,TÜRKİYE VAKIFLAR BANKASI T.A.O.,,HİSSE SENETLERİ
HIM,stock,,VESTL,TRAVESTL91H6,VESTEL ELEKTRONİK SANAYİ VE TİCARET A.Ş.,VESTEL ELEKTRONİK SANAYİ VE TİCARET A.Ş.,,HİSSE SENETLERİ
HIM,stock,,YKBNK,TRAYKBNK91N6,YAPI VE KREDİ BANKASI A.Ş.,YAPI VE KREDİ BANKASI A.Ş.,,HİSSE SENETLERİ
HIM,stock,,YKBNK,TRAYKBNK91N6,YAPI VE KREDİ BANKASI A.Ş.,YAPI VE KREDİ BANKASI A.Ş.,,HİSSE SENETLERİ
HIM,bond,bill,TRFAKADK2610,TRFAKADK2610,AKADEMİ ÇEVRE ENTEGRE ATIK YÖNETİMİ ENDÜSTRİ A.Ş.,AKADEMİ ÇEVRE ENTEGRE ATIK YÖNETİMİ ENDÜSTRİ A.Ş.,,BORÇLANMA SENETLERİ
HIM,bond,bill,TRFTVSKK2617,TRFTVSKK2617,TV8 TV YAYINCILIK A.Ş.,TV8 TV YAYINCILIK A.Ş.,,BORÇLANMA SENETLERİ
HIM,bond,bill,TRFUSAKK2619,TRFUSAKK2619,UŞAK SERAMİK SANAYİ A.Ş.,UŞAK SERAMİK SANAYİ A.Ş.,,BORÇLANMA SENETLERİ
HIM,sukuk,corporate,TRDHDFVE2623,TRDHDFVE2623,HEDEF VARLIK KİRALAMA A.Ş.,HEDEF VARLIK KİRALAMA A.Ş.,,BORÇLANMA SENETLERİ
HIM,fund,,HKJ,TRYHDFP00789,,,HEDEF PORTFÖY PARA PİYASASI SERBEST FON,DİĞER
HIM,fund,,KSA,TRYHDFP00565,,,HEDEF PORTFÖY KISA VADELİ SERBEST (TL) FON,DİĞER
HKJ,bond,bill,TRFINFM12712,TRFINFM12712,İNFO YATIRIM MENKUL DEĞERLER A.Ş.,İNFO YATIRIM MENKUL DEĞERLER A.Ş.,,BORÇLANMA SENETLERİ
HKJ,sukuk,corporate,TRDKTSKE2628,TRDKTSKE2628,KT SUKUK VARLIK KİRALAMA A.Ş.,KT SUKUK VARLIK KİRALAMA A.Ş.,,KİRA SERTİFİKALARI
HKM,stock,,AAGYO,TREAGVR00014,AĞAOĞLU AVRASYA GAYRİMENKUL YATIRIM ORTAKLIĞI A.Ş.,AĞAOĞLU AVRASYA GAYRİMENKUL YATIRIM ORTAKLIĞI A.Ş.,,HİSSE SENETLERİ
HKM,stock,,ASTOR,TREASTR00013,ASTOR ENERJİ A.Ş.,ASTOR ENERJİ A.Ş.,,HİSSE SENETLERİ
HKM,stock,,BALSU,TREBALS00022,,,,HİSSE SENETLERİ
HKM,stock,,BULGS,TREBULS00012,BULLS GİRİŞİM SERMAYESİ YATIRIM ORTAKLIĞI A.Ş.,BULLS GİRİŞİM SERMAYESİ YATIRIM ORTAKLIĞI A.Ş.,,HİSSE SENETLERİ
HKM,stock,,GLRMK,TREGLRM00010,GÜLERMAK AĞIR SANAYİ İNŞAAT VE TAAHHÜT A.Ş.,GÜLERMAK AĞIR SANAYİ İNŞAAT VE TAAHHÜT A.Ş.,,HİSSE SENETLERİ
HKM,stock,,INFO,TREINFM00017,İNFO YATIRIM MENKUL DEĞERLER A.Ş.,İNFO YATIRIM MENKUL DEĞERLER A.Ş.,,HİSSE SENETLERİ
HKM,stock,,LMKDC,TRELIMK00029,LİMAK DOĞU ANADOLU ÇİMENTO SANAYİ VE TİCARET A.Ş.,LİMAK DOĞU ANADOLU ÇİMENTO SANAYİ VE TİCARET A.Ş.,,HİSSE SENETLERİ
HKM,stock,,LMKDC,TRELIMK00029,LİMAK DOĞU ANADOLU ÇİMENTO SANAYİ VE TİCARET A.Ş.,LİMAK DOĞU ANADOLU ÇİMENTO SANAYİ VE TİCARET A.Ş.,,HİSSE SENETLERİ
HKM,stock,,SAHOL,TRASAHOL91Q5,HACIÖMER SABANCI HOLDİNG A.Ş.,HACIÖMER SABANCI HOLDİNG A.Ş.,,HİSSE SENETLERİ
HKM,stock,,SAHOL,TRASAHOL91Q5,HACIÖMER SABANCI HOLDİNG A.Ş.,HACIÖMER SABANCI HOLDİNG A.Ş.,,HİSSE SENETLERİ
HKM,stock,,SASA,TRASASAW91E4,SASA POLYESTER SANAYİ A.Ş.,SASA POLYESTER SANAYİ A.Ş.,,HİSSE SENETLERİ
HKM,stock,,SKBNK,TRASKBNK91N8,ŞEKER BANK T.A.Ş.,ŞEKER BANK T.A.Ş.,,HİSSE SENETLERİ
HKM,stock,,THYAO,TRATHYAO91M5,TÜRK HAVA YOLLARI A.O.,TÜRK HAVA YOLLARI A.O.,,HİSSE SENETLERİ
HKM,fund,,HGM,TRYHDFP00490,,,HEDEF PORTFÖY İKİNCİ HİSSE SENEDİ (TL) FON (HİSSE SENEDİ YOĞUN FON),DİĞER
HKM,fund,,HKJ,TRYHDFP00789,,,HEDEF PORTFÖY PARA PİYASASI SERBEST FON,DİĞER
HKM,fund,,HPZ,TRYHDFP00136,,,HEDEF PORTFÖY ZEN HİSSE SENEDİ SERBEST (TL) FON (HİSSE SENEDİ YOĞUN FON),DİĞER
HKM,fund,,HYV,TRYHDFP00078,,,HEDEF PORTFÖY PARA PIYASASI (TL) FONU,DİĞER
HPH,sukuk,corporate,TRDOSMV92614,TRDOSMV92614,OSMANLI VARLIK KİRALAMA A.Ş.,OSMANLI VARLIK KİRALAMA A.Ş.,,KİRA SERTİFİKALARI
HPH,sukuk,corporate,TRDNVKA92626,TRDNVKA92626,NUROL VARLIK KİRALAMA A.Ş.,NUROL VARLIK KIRALAMA A.Ş,,KİRA SERTİFİKALARI
HPH,sukuk,corporate,TRDKTLME2615,TRDKTLME2615,KATILIM VARLIK KİRALAMA A.Ş.,KATILIM VARLIK KİRALAMA A.Ş.,,KİRA SERTİFİKALARI
HPH,sukuk,corporate,TRDNVKAE2639,TRDNVKAE2639,NUROL VARLIK KİRALAMA A.Ş.,NUROL VARLIK KIRALAMA A.Ş,,KİRA SERTİFİKALARI
HPH,sukuk,corporate,TRDKTSKE26A6,TRDKTSKE26A6,KT SUKUK VARLIK KİRALAMA A.Ş.,KT SUKUK VARLIK KİRALAMA A.Ş.,,KİRA SERTİFİKALARI
HPH,sukuk,corporate,TRDHDFVE2623,TRDHDFVE2623,HEDEF VARLIK KİRALAMA A.Ş.,HEDEF VARLIK KİRALAMA A.Ş.,,KİRA SERTİFİKALARI
HPH,sukuk,corporate,TRDNVKAE2613,TRDNVKAE2613,NUROL VARLIK KİRALAMA A.Ş.,NUROL VARLIK KIRALAMA A.Ş,,KİRA SERTİFİKALARI
HPH,sukuk,corporate,TRDATAVK2629,TRDATAVK2629,ATA VARLIK KİRALAMA A.Ş.,ATA VARLIK KİRALAMA A.Ş.,,KİRA SERTİFİKALARI
HPH,sukuk,corporate,TRDHDFVK2617,TRDHDFVK2617,HEDEF VARLIK KİRALAMA A.Ş.,HEDEF VARLIK KİRALAMA A.Ş.,,KİRA SERTİFİKALARI
HPH,sukuk,corporate,TRDHDFVA2619,TRDHDFVA2619,HEDEF VARLIK KİRALAMA A.Ş.,HEDEF VARLIK KİRALAMA A.Ş.,,KİRA SERTİFİKALARI
HPH,sukuk,corporate,TRDATAVA2613,TRDATAVA2613,ATA VARLIK KİRALAMA A.Ş.,ATA VARLIK KİRALAMA A.Ş.,,KİRA SERTİFİKALARI
HPH,sukuk,corporate,TRDHDFVA2627,TRDHDFVA2627,HEDEF VARLIK KİRALAMA A.Ş.,HAVER FARMA İLAÇ A.Ş,,KİRA SERTİFİKALARI
HPH,sukuk,corporate,TRDYVKS52710,TRDYVKS52710,YATIRIM VARLIK KİRALAMA A.Ş.,YATIRIM VARLIK KİRALAMA A.Ş.,,KİRA SERTİFİKALARI
HYV,bond,government,TRT160627T13,TRT160627T13,Hazine ve Maliye Bakanlığı,HAZİNE,,BORÇLANMA SENETLERİ
HYV,bond,government,TRT131027T10,TRT131027T10,Hazine ve Maliye Bakanlığı,HAZİNE,,BORÇLANMA SENETLERİ
HYV,bond,government,TRT190128T14,TRT190128T14,Hazine ve Maliye Bakanlığı,HAZİNE,,BORÇLANMA SENETLERİ
HYV,bond,government,TRT010328T12,TRT010328T12,Hazine ve Maliye Bakanlığı,HAZİNE,,BORÇLANMA SENETLERİ
HYV,bond,government,TRT170528T12,TRT170528T12,Hazine ve Maliye Bakanlığı,HAZİNE,,BORÇLANMA SENETLERİ
HYV,bond,government,TRT061228T16,TRT061228T16,Hazine ve Maliye Bakanlığı,HAZİNE,,BORÇLANMA SENETLERİ
HYV,bond,government,TRT040729T14,TRT040729T14,Hazine ve Maliye Bakanlığı,HAZİNE,,BORÇLANMA SENETLERİ
IAU,stock,,AKBNK,TRAAKBNK91N6,AKBANK T.A.Ş.,AKBANK T.A.Ş.,,HİSSE SENETLERİ
IAU,stock,,SAHOL,TRASAHOL91Q5,HACIÖMER SABANCI HOLDİNG A.Ş.,HACIÖMER SABANCI HOLDİNG A.Ş.,,HİSSE SENETLERİ
IAU,stock,,THYAO,TRATHYAO91M5,TÜRK HAVA YOLLARI A.O.,TÜRK HAVA YOLLARI A.O.,,HİSSE SENETLERİ
KHA,stock,,A1CAP,TREA1CP00024,A1CAPİTAL YATIRIM MENKUL DEĞERLER A.Ş.,A1CAPİTAL YATIRIM MENKUL DEĞERLER A.Ş.,,HİSSE SENETLERİ
KHA,stock,,A1CAP,TREA1CP00024,A1CAPİTAL YATIRIM MENKUL DEĞERLER A.Ş.,A1CAPİTAL YATIRIM MENKUL DEĞERLER A.Ş.,,HİSSE SENETLERİ
KHA,stock,,A1YEN,TREKARY00028,KARTAL YENİLENEBİLİR ENERJİ ÜRETİM A.Ş.,KARTAL YENİLENEBİLİR ENERJİ ÜRETİM A.Ş.,,HİSSE SENETLERİ
KHA,stock,,AEFES,TRAAEFES91A9,ANADOLU EFES BİRACILIK VE MALT SANAYİİ A.Ş.,ANADOLU EFES BİRACILIK VE MALT SANAYİİ A.Ş.,,HİSSE SENETLERİ
KHA,stock,,AGHOL,TRAYAZIC91Q6,YAZICILAR HOLDING A.S.,YAZICILAR HOLDING A.S.,,HİSSE SENETLERİ
KHA,stock,,AKBNK,TRAAKBNK91N6,AKBANK T.A.Ş.,AKBANK T.A.Ş.,,HİSSE SENETLERİ
KHA,stock,,AKBNK,TRAAKBNK91N6,AKBANK T.A.Ş.,AKBANK T.A.Ş.,,HİSSE SENETLERİ
KHA,stock,,ALARK,TRAALARK91Q0,ALARKO HOLDİNG A.Ş.,ALARKO HOLDİNG A.Ş.,,HİSSE SENETLERİ
KHA,stock,,ALKLC,TREALTK00013,ALTINKILIÇ GIDA VE SÜT SANAYİ TİCARET A.Ş.,ALTINKILIÇ GIDA VE SÜT SANAYİ TİCARET A.Ş.,,HİSSE SENETLERİ
KHA,stock,,ALKLC,TREALTK00013,ALTINKILIÇ GIDA VE SÜT SANAYİ TİCARET A.Ş.,ALTINKILIÇ GIDA VE SÜT SANAYİ TİCARET A.Ş.,,HİSSE SENETLERİ
KHA,stock,,ANELE,TREAEPT00017,ANEL ELEKTRİK PROJE TAAHHÜT VE TİCARET A.Ş.,ANEL ELEKTRİK PROJE TAAHHÜT VE TİCARET A.Ş.,,HİSSE SENETLERİ
KHA,stock,,ANELE,TREAEPT00017,ANEL ELEKTRİK PROJE TAAHHÜT VE TİCARET A.Ş.,ANEL ELEKTRİK PROJE TAAHHÜT VE TİCARET A.Ş.,,HİSSE SENETLERİ
KHA,stock,,ARCLK,TRAARCLK91H5,ARÇELİK A.Ş.,ARÇELİK A.Ş.,,HİSSE SENETLERİ
KHA,stock,,ASELS,TRAASELS91H2,ASELSAN ELEKTRONİK SANAYİ VE TİCARET A.Ş.,ASELSAN ELEKTRONİK SANAYİ VE TİCARET A.Ş.,,HİSSE SENETLERİ
KHA,stock,,ASELS,TRAASELS91H2,ASELSAN ELEKTRONİK SANAYİ VE TİCARET A.Ş.,ASELSAN ELEKTRONİK SANAYİ VE TİCARET A.Ş.,,HİSSE SENETLERİ
KHA,stock,,ATATR,TREATTR00011,ATA TURİZM İŞLETMECİLİK TAŞIMACILIK MADENCİLİK KUYUMCULUK SANAYİ VE DIŞ TİCARET A.Ş.,ATA TURİZM İŞLETMECİLİK TAŞIMACILIK MADENCİLİK KUYUMCULUK SANAYİ VE DIŞ TİCARET A.Ş.,,HİSSE SENETLERİ
KHA,stock,,ATATR,TREATTR00011,ATA TURİZM İŞLETMECİLİK TAŞIMACILIK MADENCİLİK KUYUMCULUK SANAYİ VE DIŞ TİCARET A.Ş.,ATA TURİZM İŞLETMECİLİK TAŞIMACILIK MADENCİLİK KUYUMCULUK SANAYİ VE DIŞ TİCARET A.Ş.,,HİSSE SENETLERİ
KHA,stock,,BIGEN,TREBYEN00010,BİRLEŞİM GRUP ENERJİ YATIRIMLARI A.Ş.,BİRLEŞİM GRUP ENERJİ YATIRIMLARI A.Ş.,,HİSSE SENETLERİ
KHA,stock,,BIGEN,TREBYEN00010,BİRLEŞİM GRUP ENERJİ YATIRIMLARI A.Ş.,BİRLEŞİM GRUP ENERJİ YATIRIMLARI A.Ş.,,HİSSE SENETLERİ
KHA,stock,,BIMAS,TREBIMM00018,BİM BİRLEŞİK MAĞAZALAR A.Ş.,BİM BİRLEŞİK MAĞAZALAR A.Ş.,,HİSSE SENETLERİ
KHA,stock,,BIOEN,TREBION00012,BİOTREND ÇEVRE VE ENERJİ YATIRIMLARI A.Ş.,BİOTREND ÇEVRE VE ENERJİ YATIRIMLARI A.Ş.,,HİSSE SENETLERİ
KHA,stock,,BIZIM,TREBZMT00017,BİZİM TOPTAN SATIŞ MAĞAZALARI A.Ş.,BİZİM TOPTAN SATIŞ MAĞAZALARI A.Ş.,,HİSSE SENETLERİ
KHA,stock,,BRKO,TREBRKO00019,BİRKO BİRLEŞİK KOYUNLULULAR MENSUCAT TİCARET VE SANAYİ A.Ş.,BİRKO BİRLEŞİK KOYUNLULULAR MENSUCAT TİCARET VE SANAYİ A.Ş.,,HİSSE SENETLERİ
KHA,stock,,BRKO,TREBRKO00019,BİRKO BİRLEŞİK KOYUNLULULAR MENSUCAT TİCARET VE SANAYİ A.Ş.,BİRKO BİRLEŞİK KOYUNLULULAR MENSUCAT TİCARET VE SANAYİ A.Ş.,,HİSSE SENETLERİ
KHA,stock,,CCOLA,TRECOLA00011,COCA-COLA İÇECEK A.Ş.,COCA-COLAİÇECEK A.Ş.,,HİSSE SENETLERİ
KHA,stock,,CWENE,TRECWEN00012,CW ENERJİ MÜHENDİSLİK TİCARET VE SANAYİ A.Ş.,CW ENERJİ MÜHENDİSLİK TİCARET VE SANAYİ A.Ş.,,HİSSE SENETLERİ
KHA,stock,,CWENE,TRECWEN00012,CW ENERJİ MÜHENDİSLİK TİCARET VE SANAYİ A.Ş.,CW ENERJİ MÜHENDİSLİK TİCARET VE SANAYİ A.Ş.,,HİSSE SENETLERİ
KHA,stock,,DOHOL,TRADOHOL91Q8,DOĞAN ŞİRKETLER GRUBU HOLDİNG A.Ş.,DOĞAN ŞİRKETLER GRUBU HOLDİNG A.Ş.,,HİSSE SENETLERİ
KHA,stock,,DSTKF,TREDSTF00012,DESTEK FİNANS FAKTORİNG A.Ş.,DESTEK FİNANS FAKTORİNG A.Ş.,,HİSSE SENETLERİ
KHA,stock,,DSTKF,TREDSTF00012,DESTEK FİNANS FAKTORİNG A.Ş.,DESTEK FİNANS FAKTORİNG A.Ş.,,HİSSE SENETLERİ
KHA,stock,,EKGYO,TREEGYO00017,EMLAK KONUT GAYRİMENKUL YATIRIM ORTAKLIĞI A.Ş.,EMLAK KONUT GAYRİMENKUL YATIRIM ORTAKLIĞI A.Ş.,,HİSSE SENETLERİ
KHA,stock,,ENJSA,TREENSA00014,ENERJİSA ENERJİ A.Ş.,ENERJİSA ENERJİ A.Ş.,,HİSSE SENETLERİ
KHA,stock,,ENKAI,TREENKA00011,ENKA İNŞAAT VE SANAYİ A.Ş.,ENKA İNŞAAT VE SANAYİ A.Ş.,,HİSSE SENETLERİ
KHA,stock,,EREGL,TRAEREGL91G3,EREĞLİ DEMİR VE ÇELİK FABRİKALARI T.A.Ş.,EREĞLİ DEMİR VE ÇELİK FABRİKALARI T.A.Ş.,,HİSSE SENETLERİ
KHA,stock,,EREGL,TRAEREGL91G3,EREĞLİ DEMİR VE ÇELİK FABRİKALARI T.A.Ş.,EREĞLİ DEMİR VE ÇELİK FABRİKALARI T.A.Ş.,,HİSSE SENETLERİ
KHA,stock,,EUPWR,TREEUPW00019,EUROPOWER ENERJİ VE OTOMASYON TEKNOLOJİLERİ SANAYİ TİCARET A.Ş.,EUROPOWER ENERJİ VE OTOMASYON TEKNOLOJİLERİ SANAYİ TİCARET A.Ş.,,HİSSE SENETLERİ
KHA,stock,,EUPWR,TREEUPW00019,EUROPOWER ENERJİ VE OTOMASYON TEKNOLOJİLERİ SANAYİ TİCARET A.Ş.,EUROPOWER ENERJİ VE OTOMASYON TEKNOLOJİLERİ SANAYİ TİCARET A.Ş.,,HİSSE SENETLERİ
KHA,stock,,FROTO,TRAOTOSN91H6,FORD OTOMOTİV SANAYİ A.Ş.,FORD OTOMOTİV SANAYİ A.Ş.,,HİSSE SENETLERİ
KHA,stock,,GARAN,TRAGARAN91N1,TÜRKİYE GARANTİ BANKASI A.Ş.,TÜRKİYE GARANTİ BANKASI A.Ş.,,HİSSE SENETLERİ
KHA,stock,,GESAN,TREGESN00029,GİRİŞİM ELEKTRİK SANAYİ TAAHHÜT VE TİCARET A.Ş.,GİRİŞİM ELEKTRİK SANAYİ TAAHHÜT VE TİCARET A.Ş.,,HİSSE SENETLERİ
KHA,stock,,GESAN,TREGESN00029,GİRİŞİM ELEKTRİK SANAYİ TAAHHÜT VE TİCARET A.Ş.,GİRİŞİM ELEKTRİK SANAYİ TAAHHÜT VE TİCARET A.Ş.,,HİSSE SENETLERİ
KHA,stock,,GLRYH,TREBSKY00016,A1CAPİTAL YATIRIM MENKUL DEĞERLER A.Ş.,A1CAPİTAL YATIRIM MENKUL DEĞERLER A.Ş.,,HİSSE SENETLERİ
KHA,stock,,GUBRF,TRAGUBRF91E2,GÜBRE FABRİKALARI T.A.Ş.,GÜBRE FABRİKALARI T.A.Ş.,,HİSSE SENETLERİ
KHA,stock,,HALKB,TRETHAL00019,TÜRKİYE HALK BANKASI A.Ş.,TÜRKİYE HALK BANKASI A.Ş.,,HİSSE SENETLERİ
KHA,stock,,HALKB,TRETHAL00019,TÜRKİYE HALK BANKASI A.Ş.,TÜRKİYE HALK BANKASI A.Ş.,,HİSSE SENETLERİ
KHA,stock,,HEDEF,TREHDEF00017,HEDEF HOLDİNG A.Ş.,HEDEF HOLDİNG A.Ş.,,HİSSE SENETLERİ
KHA,stock,,HEDEF,TREHDEF00017,HEDEF HOLDİNG A.Ş.,HEDEF HOLDİNG A.Ş.,,HİSSE SENETLERİ
KHA,stock,,ISCTR,TRAISCTR91N2,TÜRKİYE İŞ BANKASI A.Ş. B,TÜRKİYE İŞ BANKASI A.Ş. B,,HİSSE SENETLERİ
KHA,stock,,ISCTR,TRAISCTR91N2,TÜRKİYE İŞ BANKASI A.Ş. B,TÜRKİYE İŞ BANKASI A.Ş. B,,HİSSE SENETLERİ
KHA,stock,,ISMEN,TREISMD00011,İŞ YATIRIM,İŞ YATIRIM,,HİSSE SENETLERİ
KHA,stock,,ISVEA,TREISVA00018,İSVEA SERAMİK VE BANYO ÜRÜNLERİ SANAYİ A.Ş.,İSVEA SERAMİK VE BANYO ÜRÜNLERİ SANAYİ A.Ş.,,HİSSE SENETLERİ
KHA,stock,,KCHOL,TRAKCHOL91Q8,KOÇ HOLDİNG A.Ş.,KOÇ HOLDİNG A.Ş.,,HİSSE SENETLERİ
KHA,stock,,KCHOL,TRAKCHOL91Q8,KOÇ HOLDİNG A.Ş.,KOÇ HOLDİNG A.Ş.,,HİSSE SENETLERİ
KHA,stock,,KOCMT,TREKOCM00018,KOÇ METALURJİ A.Ş.,KOÇ METALURJİ A.Ş.,,HİSSE SENETLERİ
KHA,stock,,KORDS,TRAKORDS91B2,KORDSA TEKNİK TEKSTİL A.Ş.,KORDSA TEKNİK TEKSTİL A.Ş.,,HİSSE SENETLERİ
KHA,stock,,KORDS,TRAKORDS91B2,KORDSA TEKNİK TEKSTİL A.Ş.,KORDSA TEKNİK TEKSTİL A.Ş.,,HİSSE SENETLERİ
KHA,stock,,KRDMD,TRAKRDMR91G7,KARD EMİR KARABÜK DEMİR ÇELİK SANAYİ VE TİCARET A.Ş.,KARD EMİR KARABÜK DEMİR ÇELİK SANAYİ VE TİCARET A.Ş.,,HİSSE SENETLERİ
KHA,stock,,MAVI,TREMAVI00037,MAVİ GİYİM SANAYİ VE TİCARET A.Ş.,MAVİ GİYİM SANAYİ VE TİCARET A.Ş.,,HİSSE SENETLERİ
KHA,stock,,MGROS,TREMGTI00012,MİGROS TİCARET A.Ş.,MİGROS TİCARET A.Ş.,,HİSSE SENETLERİ
KHA,stock,,MGROS,TREMGTI00012,MİGROS TİCARET A.Ş.,MİGROS TİCARET A.Ş.,,HİSSE SENETLERİ
KHA,stock,,OYAKC,TRAMRDIN91F2,OYAK ÇİMENTO FABRİKALARI A.Ş.,OYAK ÇİMENTO FABRİKALARI A.Ş.,,HİSSE SENETLERİ
KHA,stock,,PEKGY,TREPEGY00022,PEKERGAYRİ MENKUL YATIRIM ORTAKLIĞI A.Ş.,PEKERGAYRİ MENKUL YATIRIM ORTAKLIĞI A.Ş.,,HİSSE SENETLERİ
KHA,stock,,PEKGY,TREPEGY00022,PEKERGAYRİ MENKUL YATIRIM ORTAKLIĞI A.Ş.,PEKERGAYRİ MENKUL YATIRIM ORTAKLIĞI A.Ş.,,HİSSE SENETLERİ
KHA,stock,,PETKM,TRAPETKM91E0,PETKİM PETROKİMYA HOLDİNG A.Ş.,PETKİM PETROKİMYA HOLDİNG A.Ş.,,HİSSE SENETLERİ
KHA,stock,,PGSUS,TREPEGS00016,PEGASUS HAVA TAŞIMACILIĞI A.Ş.,PEGASUS HAVA TAŞIMACILIĞI A.Ş.,,HİSSE SENETLERİ
KHA,stock,,PGSUS,TREPEGS00016,PEGASUS HAVA TAŞIMACILIĞI A.Ş.,PEGASUS HAVA TAŞIMACILIĞI A.Ş.,,HİSSE SENETLERİ
KHA,stock,,PSGYO,TREPSFK00023,PASİFİK GAYRİMENKUL YATIRIM ORTAKLIĞI A.Ş.,PASİFİK GAYRİMENKUL YATIRIM ORTAKLIĞI A.Ş.,,HİSSE SENETLERİ
KHA,stock,,SAHOL,TRASAHOL91Q5,HACIÖMER SABANCI HOLDİNG A.Ş.,HACIÖMER SABANCI HOLDİNG A.Ş.,,HİSSE SENETLERİ
KHA,stock,,SAHOL,TRASAHOL91Q5,HACIÖMER SABANCI HOLDİNG A.Ş.,HACIÖMER SABANCI HOLDİNG A.Ş.,,HİSSE SENETLERİ
KHA,stock,,SASA,TRASASAW91E4,SASA POLYESTER SANAYİ A.Ş.,SASA POLYESTER SANAYİ A.Ş.,,HİSSE SENETLERİ
KHA,stock,,SELEC,TRESLEC00014,SELÇUK ECZA DEPOSU TİCARET VE SANAYİ A.Ş.,SELÇUK ECZA DEPOSU TİCARET VE SANAYİ A.Ş.,,HİSSE SENETLERİ
KHA,stock,,SELEC,TRESLEC00014,SELÇUK ECZA DEPOSU TİCARET VE SANAYİ A.Ş.,SELÇUK ECZA DEPOSU TİCARET VE SANAYİ A.Ş.,,HİSSE SENETLERİ
KHA,stock,,SISE,TRASISEW91Q3,TÜRKİYE ŞİŞE VE CAM FABRİKALARI A.Ş.,TÜRKİYE ŞİŞE VE CAM FABRİKALARI A.Ş.,,HİSSE SENETLERİ
KHA,stock,,SKBNK,TRASKBNK91N8,ŞEKER BANK T.A.Ş.,ŞEKER BANK T.A.Ş.,,HİSSE SENETLERİ
KHA,stock,,SVGYO,TRESVRG00024,SAVURGAYRİ MENKUL YATIRIM ORTAKLIĞI A.Ş.,SAVURGAYRİ MENKUL YATIRIM ORTAKLIĞI A.Ş.,,HİSSE SENETLERİ
KHA,stock,,SVGYO,TRESVRG00024,SAVURGAYRİ MENKUL YATIRIM ORTAKLIĞI A.Ş.,SAVURGAYRİ MENKUL YATIRIM ORTAKLIĞI A.Ş.,,HİSSE SENETLERİ
KHA,stock,,TATEN,TRETATL00022,TATLI PINAR ENERJİ ÜRETİM A.Ş.,TATLI PINAR ENERJİ ÜRETİM A.Ş.,,HİSSE SENETLERİ
KHA,stock,,TATEN,TRETATL00022,TATLI PINAR ENERJİ ÜRETİM A.Ş.,TATLI PINAR ENERJİ ÜRETİM A.Ş.,,HİSSE SENETLERİ
KHA,stock,,TAVHL,TRETAVH00018,TAV HAVALİMANLARI HOLDİNG A.Ş.,TAV HAVALİMANLARI HOLDİNG A.Ş.,,HİSSE SENETLERİ
KHA,stock,,TCELL,TRATCELL91M1,TURKCELL İLETİŞİM HİZMETLERİ A.Ş.,TURKCELL İLETİŞİM HİZMETLERİ A.Ş.,,HİSSE SENETLERİ
KHA,stock,,TCELL,TRATCELL91M1,TURKCELL İLETİŞİM HİZMETLERİ A.Ş.,TURKCELL İLETİŞİM HİZMETLERİ A.Ş.,,HİSSE SENETLERİ
KHA,stock,,TEHOL,TRAGLOBL91Q0,TERA YATIRIM TEKNOLOJİ HOLDİNG A.Ş.,PERA YATIRIM HOLDİNG A.Ş.,,HİSSE SENETLERİ
KHA,stock,,TEHOL,TRAGLOBL91Q0,TERA YATIRIM TEKNOLOJİ HOLDİNG A.Ş.,PERA YATIRIM HOLDİNG A.Ş.,,HİSSE SENETLERİ
KHA,stock,,TERA,TRETERA00013,TERA YATIRIM MENKUL DEĞERLER A.Ş.,TERA YATIRIM MENKUL DEĞERLER A.Ş.,,HİSSE SENETLERİ
KHA,stock,,TERA,TRETERA00013,TERA YATIRIM MENKUL DEĞERLER A.Ş.,TERA YATIRIM MENKUL DEĞERLER A.Ş.,,HİSSE SENETLERİ
KHA,stock,,THYAO,TRATHYAO91M5,TÜRK HAVA YOLLARI A.O.,TÜRK HAVA YOLLARI A.O.,,HİSSE SENETLERİ
KHA,stock,,THYAO,TRATHYAO91M5,TÜRK HAVA YOLLARI A.O.,TÜRK HAVA YOLLARI A.O.,,HİSSE SENETLERİ
KHA,stock,,TKFEN,TRETKHO00012,TEKFEN HOLDİNG A.Ş.,TEKFEN HOLDİNG A.Ş.,,HİSSE SENETLERİ
KHA,stock,,TMPOL,TRETMPL00017,TEMAPOL POLİMER PLASTİK VE İNŞAAT SANAYİ TİCARET A.Ş.,TEMAPOL POLİMER PLASTİK VE İNŞAAT SANAYİ TİCARET A.Ş.,,HİSSE SENETLERİ
KHA,stock,,TMPOL,TRETMPL00017,TEMAPOL POLİMER PLASTİK VE İNŞAAT SANAYİ TİCARET A.Ş.,TEMAPOL POLİMER PLASTİK VE İNŞAAT SANAYİ TİCARET A.Ş.,,HİSSE SENETLERİ
KHA,stock,,TOASO,TRATOASO91H3,TOFAŞ TÜRK OTOMOBİL FABRİKASI A.Ş.,TOFAŞ TÜRK OTOMOBİL FABRİKASI A.Ş.,,HİSSE SENETLERİ
KHA,stock,,TOASO,TRATOASO91H3,TOFAŞ TÜRK OTOMOBİL FABRİKASI A.Ş.,TOFAŞ TÜRK OTOMOBİL FABRİKASI A.Ş.,,HİSSE SENETLERİ
KHA,stock,,TRALT,TREKOAL00014,TÜRK ALTIN İŞLETMELERİ A.Ş.,KOZA ALTIN İŞLETMELERİ A.Ş.,,HİSSE SENETLERİ
KHA,stock,,TRHOL,TRATACYO91Q7,TERA FİNANSAL YATIRIMLAR HOLDİNG A.Ş.,DAGİ YATIRIM HOLDİNG A.Ş.,,HİSSE SENETLERİ
KHA,stock,,TRHOL,TRATACYO91Q7,TERA FİNANSAL YATIRIMLAR HOLDİNG A.Ş.,DAGİ YATIRIM HOLDİNG A.Ş.,,HİSSE SENETLERİ
KHA,stock,,TRMET,TREKOZA00014,KOZA ANADOLU METAL MADENCİLİK İŞLETMELERİ A.Ş.,KOZA ANADOLU METAL MADENCİLİK İŞLETMELERİ A.Ş.,,HİSSE SENETLERİ
KHA,stock,,TTKOM,TRETTLK00013,TÜRK TELEKOMÜNİKASYON A.Ş.,TÜRK TELEKOMÜNİKASYON A.Ş.,,HİSSE SENETLERİ
KHA,stock,,TUPRS,TRATUPRS91E8,TÜPRAŞ- TÜRKİYE PETROL RAFİNERİLERİ A.Ş.,TÜPRAS TÜRKİYE PETROL RAFINERILERI A.Ş.,,HİSSE SENETLERİ
KHA,stock,,TUPRS,TRATUPRS91E8,TÜPRAŞ- TÜRKİYE PETROL RAFİNERİLERİ A.Ş.,TÜPRAS TÜRKİYE PETROL RAFINERILERI A.Ş.,,HİSSE SENETLERİ
KHA,stock,,ULKER,TREULKR00015,ÜLKER BİSKÜVİ SANAYİ A.Ş.,ÜLKER BİSKÜVİ SANAYİ A.Ş.,,HİSSE SENETLERİ
KHA,stock,,VAKBN,TREVKFB00019,TÜRKIYE VAKıFLAR BANKASı T.A.O,TÜRKİYE VAKIFLAR BANKASI T.A.O.,,HİSSE SENETLERİ
KHA,stock,,VANGD,TREVNGS00015,VANET GIDA SANAYİ İÇ VE DIŞ TİCARET A.Ş.,VANET GIDA SANAYİ İÇ VE DIŞ TİCARET A.Ş.,,HİSSE SENETLERİ
KHA,stock,,VANGD,TREVNGS00015,VANET GIDA SANAYİ İÇ VE DIŞ TİCARET A.Ş.,VANET GIDA SANAYİ İÇ VE DIŞ TİCARET A.Ş.,,HİSSE SENETLERİ
KHA,stock,,YKBNK,TRAYKBNK91N6,YAPI VE KREDİ BANKASI A.Ş.,YAPI VE KREDİ BANKASI A.Ş.,,HİSSE SENETLERİ
KHA,stock,,YKBNK,TRAYKBNK91N6,YAPI VE KREDİ BANKASI A.Ş.,YAPI VE KREDİ BANKASI A.Ş.,,HİSSE SENETLERİ
KHA,fund,,AC4,TRYA1PY00040,,,PARDUS PORTFÖY PARA PİYASASI (TL) FON,DİĞER
KHA,fund,,PIS,TRYA1PY00784,,,PARDUS PORTFÖY İKİNCİ KISA VADELİ SERBEST (TL) FON,DİĞER
KHA,fund,,PKV,TRYA1PY00511,,,PARDUS PORTFÖY KISA VADELİ SERBEST (TL) FON,DİĞER
KLH,stock,,ALBRK,,ALBARAKA TÜRK KATILIM BANKASI A.Ş.,ALBARAKA TÜRK KATILIM BANK A.Ş,,HİSSE SENETLERİ
KLH,stock,,CIMSA,,ÇİMSA ÇİMENTO SANAYİ VE TİCARET A.Ş.,ÇİMSA ÇİMENTO SANAYİ VE TİCARET A.Ş,,HİSSE SENETLERİ
KLH,stock,,EKSUN,,EKSUN GIDA TARIM SANAYİ VE TİCARET A.Ş.,EKSUN GIDA TARIM SANAYİ VE TİCARET A.Ş.,,HİSSE SENETLERİ
KLH,stock,,EREGL,,EREĞLİ DEMİR VE ÇELİK FABRİKALARI T.A.Ş.,Ereğli Demir Çelik Fabrikaları T.A.Ş.,,HİSSE SENETLERİ
KLH,stock,,GLRMK,,GÜLERMAK AĞIR SANAYİ İNŞAAT VE TAAHHÜT A.Ş.,GÜLERMAK AĞIR SANAYİ İNŞAAT VE TAAHHÜT A.Ş.,,HİSSE SENETLERİ
KLH,stock,,GUBRF,,GÜBRE FABRİKALARI T.A.Ş.,GÜBRE FABRİKALARI T.A.S,,HİSSE SENETLERİ
KLH,stock,,LMKDC,,LİMAK DOĞU ANADOLU ÇİMENTO SANAYİ VE TİCARET A.Ş.,Limak Dogu Anadolu Cimento Sanayi ve Ticaret A.Ş.,,HİSSE SENETLERİ
KLH,stock,,MAVI,,MAVİ GİYİM SANAYİ VE TİCARET A.Ş.,MAVİ GİYİM SAN VE TİC AŞ,,HİSSE SENETLERİ
KLH,stock,,MEGMT,,MEGA METAL SANAYİ VE TİCARET A.Ş.,MEGA METAL SANAYI VE TICARET A.Ş,,HİSSE SENETLERİ
KLH,stock,,MPARK,,MLP SAĞLIK HİZMETLERİ A.Ş.,MedikalPark Sağlık Hizmetleri A.Ş.,,HİSSE SENETLERİ
KLH,stock,,SARKY,,SARKUYSAN ELEKTROLİTİK BAKIR SANAYİ VE TİCARET A.Ş.,SARKUYSAN,,HİSSE SENETLERİ
KLH,stock,,YUNSA,,YÜNSA,YÜNSA,,HİSSE SENETLERİ
KLH,fund,,KVR,,,,,KATILMA BELGELERİ
KSA,bond,corporate,TRFNURL92625,TRFNURL92625,NUROL YATIRIM BANKASI A.Ş.,NUROL YATIRIM BANKASI A.Ş.,,BORÇLANMA SENETLERİ
KSA,bond,bill,TRFEMIR92619,TRFEMIR92619,EMİR VARLIK YÖNETİM A.Ş.,EMİR VARLIK YÖNETİM A.Ş.,,BORÇLANMA SENETLERİ
KSA,bond,bill,TRFERTT92611,TRFERTT92611,EREĞLİ TEKSTİL TURİZM SANAYİ VE TİCARET A.Ş.,EREĞLİ TEKSTİL TURİZM SANAYİ VE TİCARET A.Ş.,,BORÇLANMA SENETLERİ
KSA,bond,bill,TRFTAMF92627,TRFTAMF92627,TAM FİNANS FAKTORİNG A.Ş.,TAM FİNANS FAKTORİNG A.Ş.,,BORÇLANMA SENETLERİ
KSA,bond,bill,TRFINFM92623,TRFINFM92623,İNFO YATIRIM MENKUL DEĞERLER A.Ş.,İNFO YATIRIM MENKUL DEĞERLER A.Ş.,,BORÇLANMA SENETLERİ
KSA,bond,bill,TRFHYBAE2617,TRFHYBAE2617,HEDEF YATIRIM BANKASI A.Ş.,HEDEF YATIRIM BANKASI A.Ş.,,BORÇLANMA SENETLERİ
KSA,bond,bill,TRFADLVE2612,TRFADLVE2612,ADİL VARLIK YÖNETİM A.Ş.,ADİL VARLIK YÖNETİM A.Ş.,,BORÇLANMA SENETLERİ
KSA,bond,corporate,TRFTVSKE2615,TRFTVSKE2615,TV8 TV YAYINCILIK A.Ş.,TV8 TV YAYINCILIK A.Ş.,,BORÇLANMA SENETLERİ
KSA,bond,bill,TRFTRYKE2613,TRFTRYKE2613,TİRYAKİ AGRO GIDA SANAYİ VE TİCARET A.Ş.,TİRYAKİ AGRO GIDA SANAYİ VE TİCARET A.Ş.,,BORÇLANMA SENETLERİ
KSA,bond,bill,TRFSMARE2610,TRFSMARE2610,SMART GÜNEŞ ENERJİSİ TEKNOLOJİLERİ ARAŞTIRMA GELİŞTİRME ÜRETİM SANAYİ VE TİCARET A.Ş.,SMART GÜNEŞ ENERJİSİ TEKNOLOJİLERİ ARAŞTIRMA GELİŞTİRME ÜRETİM SANAYİ VE TİCARET A.Ş.,,BORÇLANMA SENETLERİ
KSA,bond,bill,TRFERCYE2610,TRFERCYE2610,ERCİYAS ÇELİK BORU SANAYİ A.Ş.,ERCİYAS ÇELİK BORU SANAYİ A.Ş.,,BORÇLANMA SENETLERİ
KSA,bond,bill,TRFTAMFE2613,TRFTAMFE2613,TAM FİNANS FAKTORİNG A.Ş.,TAM FİNANS FACTORING A.Ş.,,BORÇLANMA SENETLERİ
KSA,bond,bill,TRFKNTFE2610,TRFKNTFE2610,KENT FİNANS FAKTORİNG A.Ş.,KENT FİNANS FAKTORİNG A.Ş.,,BORÇLANMA SENETLERİ
KSA,bond,bill,TRFTTRME2618,TRFTTRME2618,Tarfin Tarım A.Ş,Tarfin Tarım A.Ş,,BORÇLANMA SENETLERİ
KSA,bond,bill,TRFSRMDE2617,TRFSRMDE2617,Alnus Yatırım Menkul Değerler A.Ş.,ALNUS YATIRIM MENKUL DEĞERLER A.Ş.,,BORÇLANMA SENETLERİ
KSA,bond,bill,TRFEMIRE2618,TRFEMIRE2618,EMİR VARLIK YÖNETİM A.Ş.,EMİR VARLIK YÖNETİM A.Ş.,,BORÇLANMA SENETLERİ
KSA,bond,bill,TRFMARBE2619,TRFMARBE2619,MARBAŞ MENKUL DEĞERLER A.Ş.,MARBAŞ MENKUL DEĞERLER A.Ş.,,BORÇLANMA SENETLERİ
KSA,bond,bill,TRFSRMDK2619,TRFSRMDK2619,Alnus Yatırım Menkul Değerler A.Ş.,ALNUS YATIRIM MENKUL DEĞERLER A.Ş.,,BORÇLANMA SENETLERİ
KSA,bond,bill,TRFTAMFK2615,TRFTAMFK2615,TAM FİNANS FAKTORİNG A.Ş.,TAM FİNANS FACTORING A.Ş.,,BORÇLANMA SENETLERİ
KSA,bond,bill,TRFBVYSK2611,TRFBVYSK2611,BİRİKİM VARLIK YÖNETİM A.Ş.,BİRİKİM VARLIK YÖNETİM A.Ş.,,BORÇLANMA SENETLERİ
KSA,bond,corporate,TRFSUVYK2626,TRFSUVYK2626,SÜMER VARLIK YÖNETİM A.Ş.,SÜMER VARLIK YÖNETİM A.Ş.,,BORÇLANMA SENETLERİ
KSA,bond,bill,TRFTVSKK2617,TRFTVSKK2617,TV8 TV YAYINCILIK A.Ş.,TV8 TV YAYINCILIK A.Ş.,,BORÇLANMA SENETLERİ
KSA,bond,corporate,TRFDEKOK2610,TRFDEKOK2610,DENİZ EKO ENERJİ VE GERİ DÖNÜŞÜM A.Ş.,DENİZ EKO ENERJİ VE GERİ DÖNÜŞÜM A.Ş.,,BORÇLANMA SENETLERİ
KSA,bond,bill,TRFITFKK2619,TRFITFKK2619,LORAS HOLDİNG A.Ş.,LORAS HOLDİNG A.Ş.,,BORÇLANMA SENETLERİ
KSA,bond,bill,TRFIVYSK2614,TRFIVYSK2614,İSTANBUL VARLIK YÖNETİM A.Ş.,İSTANBUL VARLIK YÖNETİM A.Ş.,,BORÇLANMA SENETLERİ
KSA,bond,corporate,TRFDGRVK2612,TRFDGRVK2612,DOĞRU VARLIK YÖNETİM A.Ş.,DOĞRU VARLIK YÖNETİM A.Ş.,,BORÇLANMA SENETLERİ
KSA,bond,bill,TRFERCYK2612,TRFERCYK2612,ERCİYAS ÇELİK BORU SANAYİ A.Ş.,ERCİYAS ÇELİK BORU SANAYİ A.Ş.,,BORÇLANMA SENETLERİ
KSA,bond,bill,TRFIFASK2620,TRFIFASK2620,İSTANBUL FAKTORİNG A.Ş.,İSTANBUL FAKTORİNG A.Ş.,,BORÇLANMA SENETLERİ
KSA,bond,bill,TRFEMIRA2612,TRFEMIRA2612,EMİR VARLIK YÖNETİM A.Ş.,EMİR VARLIK YÖNETİM A.Ş.,,BORÇLANMA SENETLERİ
KSA,bond,bill,TRFSUVYA2610,TRFSUVYA2610,SÜMER VARLIK YÖNETİM A.Ş.,SÜMER VARLIK YÖNETİM A.Ş.,,BORÇLANMA SENETLERİ
KSA,bond,bill,TRFMTGNA2611,TRFMTGNA2611,METGÜN ENERJİ YATIRIMLARI A.Ş.,METGÜN ENERJİ YATIRIMLARI A.Ş.,,BORÇLANMA SENETLERİ
KSA,bond,bill,TRFSMARA2614,TRFSMARA2614,SMART GÜNEŞ ENERJİSİ TEKNOLOJİLERİ ARAŞTIRMA GELİŞTİRME ÜRETİM SANAYİ VE TİCARET A.Ş.,SMART GÜNEŞ ENERJİSİ TEKNOLOJİLERİ ARAŞTIRMA GELİŞTİRME ÜRETİM SANAYİ VE TİCARET A.Ş.,,BORÇLANMA SENETLERİ
KSA,bond,bill,TRFHYBAA2611,TRFHYBAA2611,HEDEF YATIRIM BANKASI A.Ş.,HEDEF YATIRIM BANKASI A.Ş.,,BORÇLANMA SENETLERİ
KSA,bond,bill,TRFERTTA2638,TRFERTTA2638,EREĞLİ TEKSTİL TURİZM SANAYİ VE TİCARET A.Ş.,EREĞLİ TEKSTİL TURİZM SANAYİ VE TİCARET A.Ş.,,BORÇLANMA SENETLERİ
KSA,bond,bill,TRFAKADA2612,TRFAKADA2612,AKADEMİ ÇEVRE ENTEGRE ATIK YÖNETİMİ ENDÜSTRİ A.Ş.,AKADEMİ ÇEVRE ENTEGRE ATIK YÖNETİMİ ENDÜSTRİ A.Ş.,,BORÇLANMA SENETLERİ
KSA,bond,bill,TRFHYBAA2629,TRFHYBAA2629,HEDEF YATIRIM BANKASI A.Ş.,HEDEF YATIRIM BANKASI A.Ş.,,BORÇLANMA SENETLERİ
KSA,bond,bill,TRFMARBA2613,TRFMARBA2613,MARBAŞ MENKUL DEĞERLER A.Ş.,MARBAŞ MENKUL DEĞERLER A.Ş.,,BORÇLANMA SENETLERİ
KSA,bond,corporate,TRFTRFN12718,TRFTRFN12718,TURK FİNANSMAN A.Ş.,TURK FİNANSMAN A.Ş.,,BORÇLANMA SENETLERİ
KSA,bond,bill,TRFCGDF12718,TRFCGDF12718,ÇAĞDAŞ FAKTORİNG A.Ş.,ÇAĞDAŞ FAKTORİNG,,BORÇLANMA SENETLERİ
KSA,bond,bill,TRFHYBA12715,TRFHYBA12715,HEDEF YATIRIM BANKASI A.Ş.,HEDEF YATIRIM BANKASI A.Ş.,,BORÇLANMA SENETLERİ
KSA,bond,bill,TRFIFAS12724,TRFIFAS12724,İSTANBUL FAKTORİNG A.Ş.,İSTANBUL FAKTORİNG A.Ş.,,BORÇLANMA SENETLERİ
KSA,bond,bill,TRFTAMF12724,TRFTAMF12724,TAM FİNANS FAKTORİNG A.Ş.,TAM FİNANS FAKTORİNG A.Ş.,,BORÇLANMA SENETLERİ
KSA,bond,bill,TRFIFAS12716,TRFIFAS12716,İSTANBUL FAKTORİNG A.Ş.,İSTANBUL FAKTORİNG A.Ş.,,BORÇLANMA SENETLERİ
KSA,bond,bill,TRFCGDF32724,TRFCGDF32724,ÇAĞDAŞ FAKTORİNG A.Ş.,ÇAĞDAŞ FAKTORİNG A.Ş.,,BORÇLANMA SENETLERİ
KSA,bond,bill,TRFSUVY32716,TRFSUVY32716,SÜMER VARLIK YÖNETİM A.Ş.,SÜMER VARLIK YÖNETİM A.Ş.,,BORÇLANMA SENETLERİ
KSA,bond,bill,TRFDVYS32712,TRFDVYS32712,DÜNYA VARLIK YÖNETİM A.Ş.,DÜNYA VARLIK YÖNETİM A.Ş.,,BORÇLANMA SENETLERİ
KSA,bond,bill,TRFSRMD32723,TRFSRMD32723,Alnus Yatırım Menkul Değerler A.Ş.,ALNUS YATIRIM MENKUL DEĞERLER A.Ş.,,BORÇLANMA SENETLERİ
KSA,bond,bill,TRFBFOK32717,TRFBFOK32717,BEYAZ FİLO OTO KİRALAMA A.Ş.,BEYAZ FİLO OTO KİRALAMA A.Ş.,,BORÇLANMA SENETLERİ
KSA,bond,bill,TRFSUVY42715,TRFSUVY42715,SÜMER VARLIK YÖNETİM A.Ş.,SÜMER VARLIK YÖNETİM A.Ş.,,BORÇLANMA SENETLERİ
KSA,bond,bill,TRFDVYS62719,TRFDVYS62719,DÜNYA VARLIK YÖNETİM A.Ş.,DÜNYA VARLIK YÖNETİMİ A.Ş,,BORÇLANMA SENETLERİ
KSA,bond,corporate,TRSDVYS92628,TRSDVYS92628,DÜNYA VARLIK YÖNETİM A.Ş.,DÜNYA VARLIK YÖNETİMİ A.Ş,,BORÇLANMA SENETLERİ
KSA,bond,corporate,TRSHDAK12713,TRSHDAK12713,HEDEF ARAÇ KİRALAMA VE SERVİS A.Ş.,HEDEF ARAÇ KİRALAMA VE SERVİS A.Ş.,,BORÇLANMA SENETLERİ
KSA,bond,corporate,TRSHYBA42715,TRSHYBA42715,HEDEF YATIRIM BANKASI A.Ş.,HEDEF YATIRIM BANKASI A.Ş.,,BORÇLANMA SENETLERİ
KSA,bond,corporate,TRSDVYS42714,TRSDVYS42714,DÜNYA VARLIK YÖNETİM A.Ş.,DÜNYA VARLIK YÖNETİMİ A.Ş,,BORÇLANMA SENETLERİ
KSA,bond,corporate,TRSHYBA72712,TRSHYBA72712,HEDEF YATIRIM BANKASI A.Ş.,HEDEF YATIRIM BANKASI A.Ş.,,BORÇLANMA SENETLERİ
KSA,bond,corporate,TRSHYBA82711,TRSHYBA82711,HEDEF YATIRIM BANKASI A.Ş.,HEDEF YATIRIM BANKASI A.Ş.,,BORÇLANMA SENETLERİ
KSA,bond,corporate,TRSHYBA82729,TRSHYBA82729,HEDEF YATIRIM BANKASI A.Ş.,HEDEF YATIRIM BANKASI A.Ş.,,BORÇLANMA SENETLERİ
KSA,bond,corporate,TRSHYBA82737,TRSHYBA82737,HEDEF YATIRIM BANKASI A.Ş.,HEDEF YATIRIM BANKASI A.Ş.,,BORÇLANMA SENETLERİ
KSA,bond,corporate,TRSHYBA82810,TRSHYBA82810,HEDEF YATIRIM BANKASI A.Ş.,HEDEF YATIRIM BANKASI A.Ş.,,BORÇLANMA SENETLERİ
KSA,bond,asset-backed,TRPTMFB92616,TRPTMFB92616,BİRLEŞİK İPOTEK FİNANSMANI A.Ş.,BİRLEŞİK İPOTEK FİNANSMANI A.Ş.,,BORÇLANMA SENETLERİ
KSA,bond,asset-backed,TRPPSHSE2617,TRPPSHSE2617,PASHA YATIRIM BANKASI A.Ş.,PASHA YATIRIM BANKASI A.Ş.,,BORÇLANMA SENETLERİ
KSA,sukuk,corporate,TRDHDFVE2623,TRDHDFVE2623,HEDEF VARLIK KİRALAMA A.Ş.,HEDEF VARLIK KİRALAMA A.Ş.,,KİRA SERTİFİKALARI
KSA,sukuk,corporate,TRDHDFVK2617,TRDHDFVK2617,HEDEF VARLIK KİRALAMA A.Ş.,HEDEF VARLIK KİRALAMA A.Ş.,,KİRA SERTİFİKALARI
KSA,sukuk,corporate,TRDZKBVK2610,TRDZKBVK2610,ZİRAAT KATILIM VARLIK KİRALAMA A.Ş.,ZKB VARLIK KİRALAMA A.Ş.,,KİRA SERTİFİKALARI
KSA,sukuk,corporate,TRDZKBV12725,TRDZKBV12725,ZİRAAT KATILIM VARLIK KİRALAMA A.Ş.,ZKB VARLIK KİRALAMA A.Ş.,,KİRA SERTİFİKALARI
P1A,bond,corporate,TRFA1CPK2627,TRFA1CPK2627,A1CAPİTAL YATIRIM MENKUL DEĞERLER A.Ş.,A1CAPİTAL YATIRIM MENKUL DEĞERLER A.Ş.,,BORÇLANMA SENETLERİ
PAB,bond,government,TRT061228T16,TRT061228T16,Hazine ve Maliye Bakanlığı,HAZİNE,,BORÇLANMA SENETLERİ
PAB,bond,government,TRT070329T15,TRT070329T15,Hazine ve Maliye Bakanlığı,HAZİNE,,BORÇLANMA SENETLERİ
PAB,bond,government,TRT040729T14,TRT040729T14,Hazine ve Maliye Bakanlığı,HAZİNE,,BORÇLANMA SENETLERİ
PAB,bond,government,TRT090130T12,TRT090130T12,Hazine ve Maliye Bakanlığı,HAZİNE,,BORÇLANMA SENETLERİ
PAB,bond,corporate,TRFA1CPK2627,TRFA1CPK2627,A1CAPİTAL YATIRIM MENKUL DEĞERLER A.Ş.,A1CAPİTAL YATIRIM MENKUL DEĞERLER A.Ş.,,BORÇLANMA SENETLERİ
PAO,stock,,ENKAI,TREENKA00011,ENKA İNŞAAT VE SANAYİ A.Ş.,ENKA İNŞAAT VE SANAYİ A.Ş.,,HİSSE SENETLERİ
PAO,stock,,ENKAI,TREENKA00011,ENKA İNŞAAT VE SANAYİ A.Ş.,ENKA İNŞAAT VE SANAYİ A.Ş.,,HİSSE SENETLERİ
PAO,stock,,KCHOL,TRAKCHOL91Q8,KOÇ HOLDİNG A.Ş.,KOÇ HOLDİNG A.Ş.,,HİSSE SENETLERİ
PAO,stock,,KOCMT,TREKOCM00018,KOÇ METALURJİ A.Ş.,KOÇ METALURJİ A.Ş.,,HİSSE SENETLERİ
PKD,stock,,ARASE,TREARAS00039,DOĞU ARAS ENERJİ YATIRIMLARI A.Ş.,DOĞU ARAS ENERJİ YATIRIMLARI A.Ş.,,HİSSE SENETLERİ
PKD,stock,,ASELS,TRAASELS91H2,ASELSAN ELEKTRONİK SANAYİ VE TİCARET A.Ş.,ASELSAN ELEKTRONİK SANAYİ VE TİCARET A.Ş.,,HİSSE SENETLERİ
PKD,stock,,ATATP,TREATTP00023,ATP YAZILIM VE TEKNOLOJİ A.Ş.,ATP YAZILIM VE TEKNOLOJİ A.Ş.,,HİSSE SENETLERİ
PKD,stock,,BIMAS,TREBIMM00018,BİM BİRLEŞİK MAĞAZALAR A.Ş.,BİM BİRLEŞİK MAĞAZALAR A.Ş.,,HİSSE SENETLERİ
PKD,stock,,EGGUB,TRAEGGUB91E8,EGEGÜBRE SANAYİİ A.Ş.,EGEGÜBRE SANAYİİ A.Ş.,,HİSSE SENETLERİ
PKD,stock,,FADE,TREFADE00012,FADE GIDA YATIRIM SANAYİ TİCARET A.Ş.,FADE GIDA YATIRIM SANAYİ TİCARET A.Ş.,,HİSSE SENETLERİ
PKD,stock,,FONET,TREFONT00010,FONET BİLGİ TEKNOLOJİLERİ A.Ş.,FONET BİLGİ TEKNOLOJİLERİ A.Ş.,,HİSSE SENETLERİ
PKD,stock,,GRSEL,TREGRSL00025,GÜR-SEL TURİZM TAŞIMACILIK VE SERVİS TİCARET A.Ş.,GÜR-SEL TURİZM TAŞIMACILIK VE SERVİS TİCARET A.Ş.,,HİSSE SENETLERİ
PKD,stock,,LMKDC,TRELIMK00029,LİMAK DOĞU ANADOLU ÇİMENTO SANAYİ VE TİCARET A.Ş.,LİMAK DOĞU ANADOLU ÇİMENTO SANAYİ VE TİCARET A.Ş.,,HİSSE SENETLERİ
PKD,stock,,NETCD,TRENETC00026,NETCAD YAZILIM A.Ş.,NETCAD YAZILIM A.Ş.,,HİSSE SENETLERİ
PKD,stock,,NTGAZ,TRENTGZ00014,NATURELGAZ SANAYİ VE TİCARET A.Ş.,NATURELGAZ SANAYİ VE TİCARET A.Ş.,,HİSSE SENETLERİ
PKD,stock,,ORGE,TREORGE00011,ORGE ENERJİ ELEKTRİK TAAHHÜT A.Ş.,ORGE ENERJİ ELEKTRİK TAAHHÜT A.Ş.,,HİSSE SENETLERİ
PKD,stock,,RGYAS,TRERSGY00036,RÖNESANS GAYRİMENKUL YATIRIM A.Ş.,RÖNESANSGAYRİ MENKUL YATIRIM A.Ş.,,HİSSE SENETLERİ
PKD,stock,,TUPRS,TRATUPRS91E8,TÜPRAŞ- TÜRKİYE PETROL RAFİNERİLERİ A.Ş.,TÜPRAS TÜRKİYE PETROL RAFINERILERI A.Ş.,,HİSSE SENETLERİ
PKD,stock,,TUREX,TRETURX00045,TUREKS TURİZM TAŞIMACILIK A.Ş.,TUREKS TURİZM TAŞIMACILIK A.Ş.,,HİSSE SENETLERİ
PKM,sukuk,corporate,TRDZKBV92636,TRDZKBV92636,ZİRAAT KATILIM VARLIK KİRALAMA A.Ş.,ZKB VARLIK KİRALAMA A.Ş.,,KİRA SERTİFİKALARI
PKM,sukuk,corporate,TRDEVKS92668,TRDEVKS92668,EMLAK KATILIM VARLIK KİRALAMA A.Ş.,EMLAK KATILIM VARLIK KİRALAMA A.Ş.,,KİRA SERTİFİKALARI
PKM,sukuk,corporate,TRDHVKAE2629,TRDHVKAE2629,EMLAK KONUT GAYRİMENKUL YATIRIM ORTAKLIĞI A.Ş.,HALK VARLIK KİRALAMA A.Ş.,,KİRA SERTİFİKALARI
PKM,sukuk,corporate,TRDNVKAE2639,TRDNVKAE2639,NUROL VARLIK KİRALAMA A.Ş.,NUROL VARLIK KIRALAMA A.Ş,,KİRA SERTİFİKALARI
PKM,sukuk,corporate,TRDHVKAK2613,TRDHVKAK2613,EMLAK KONUT GAYRİMENKUL YATIRIM ORTAKLIĞI A.Ş.,HALK VARLIK KİRALAMA A.Ş.,,KİRA SERTİFİKALARI
PKM,sukuk,corporate,TRDDKVRK2618,TRDDKVRK2618,DK VARLIK KİRALAMA A.Ş.,DK VARLIK KİRALAMA A.Ş.,,KİRA SERTİFİKALARI
PKM,sukuk,corporate,TRDZKBVK2636,TRDZKBVK2636,ZİRAAT KATILIM VARLIK KİRALAMA A.Ş.,ZIRAAT FINANSAL KİRALAMA,,KİRA SERTİFİKALARI
PKM,sukuk,corporate,TRDNVKAA2633,TRDNVKAA2633,NUROL VARLIK KİRALAMA A.Ş.,NUROL VARLIK KIRALAMA A.Ş,,KİRA SERTİFİKALARI
PKM,sukuk,corporate,TRDDKVRA2610,TRDDKVRA2610,DK VARLIK KİRALAMA A.Ş.,DK VARLIK KİRALAMA A.Ş.,,KİRA SERTİFİKALARI
PKM,sukuk,corporate,TRDZKBVA2638,TRDZKBVA2638,ZİRAAT KATILIM VARLIK KİRALAMA A.Ş.,ZİRAAT KATILIM VARLIK KİRALAMA A.Ş.,,KİRA SERTİFİKALARI
PKM,sukuk,corporate,TRDNVKA12715,TRDNVKA12715,NUROL VARLIK KİRALAMA A.Ş.,NUROL VARLIK KIRALAMA A.Ş,,KİRA SERTİFİKALARI
PKM,sukuk,corporate,TRDDKVR12728,TRDDKVR12728,DK VARLIK KİRALAMA A.Ş.,DK VARLIK KİRALAMA A.Ş.,,KİRA SERTİFİKALARI
PKM,sukuk,corporate,TRDZKBV12717,TRDZKBV12717,ZİRAAT KATILIM VARLIK KİRALAMA A.Ş.,ZKB VARLIK KİRALAMA A.Ş.,,KİRA SERTİFİKALARI
PMP,stock,,BERA,TREKMBH00014,BERA HOLDİNG A.Ş.,BERA HOLDİNG A.Ş.,,HİSSE SENETLERİ
PMP,stock,,EKGYO,TREEGYO00017,EMLAK KONUT GAYRİMENKUL YATIRIM ORTAKLIĞI A.Ş.,EMLAK KONUT GAYRİMENKUL YATIRIM ORTAKLIĞI A.Ş.,,HİSSE SENETLERİ
PMP,stock,,ISGYO,TRAISGYO91Q3,İŞ GAYRİMENKUL YATIRIM ORTAKLIĞI A.Ş.,İŞ GAYRİMENKUL YATIRIM ORTAKLIĞI A.Ş.,,HİSSE SENETLERİ
PMP,stock,,SAHOL,TRASAHOL91Q5,HACIÖMER SABANCI HOLDİNG A.Ş.,HACIÖMER SABANCI HOLDİNG A.Ş.,,HİSSE SENETLERİ
PNU,bond,government,TRT060127T10,TRT060127T10,Hazine ve Maliye Bakanlığı,HAZİNE,,BORÇLANMA SENETLERİ
PNU,bond,government,TRT160627T13,TRT160627T13,Hazine ve Maliye Bakanlığı,HAZİNE,,BORÇLANMA SENETLERİ
PNU,bond,government,TRT190128T14,TRT190128T14,Hazine ve Maliye Bakanlığı,HAZİNE,,BORÇLANMA SENETLERİ
PNU,bond,government,TRT060928T11,TRT060928T11,Hazine ve Maliye Bakanlığı,HAZİNE,,BORÇLANMA SENETLERİ
PNU,bond,government,TRT061228T16,TRT061228T16,Hazine ve Maliye Bakanlığı,HAZİNE,,BORÇLANMA SENETLERİ
PNU,bond,government,TRT070329T15,TRT070329T15,Hazine ve Maliye Bakanlığı,HAZİNE,,BORÇLANMA SENETLERİ
PNU,bond,government,TRT090130T12,TRT090130T12,Hazine ve Maliye Bakanlığı,HAZİNE,,BORÇLANMA SENETLERİ
PNU,bond,bill,TRFTVSK92612,TRFTVSK92612,TV8 TV YAYINCILIK A.Ş.,TV8 TV YAYINCILIK A.Ş.,,BORÇLANMA SENETLERİ
PNU,bond,corporate,TRFTCMD92610,TRFTCMD92610,TACİRLER YATIRIM MENKUL DEĞERLER A.Ş.,TACİRLER YATIRIM MENKUL DEĞERLER A.Ş.,,BORÇLANMA SENETLERİ
PNU,bond,bill,TRFHYBAE2617,TRFHYBAE2617,HEDEF YATIRIM BANKASI A.Ş.,HEDEF YATIRIM BANKASI A.Ş.,,BORÇLANMA SENETLERİ
PNU,bond,bill,TRFADLVE2612,TRFADLVE2612,ADİL VARLIK YÖNETİM A.Ş.,ADİL VARLIK YÖNETİM A.Ş.,,BORÇLANMA SENETLERİ
PNU,bond,bill,TRFDYBYE2613,TRFDYBYE2613,DYO BOYA FABRİKALARI SANAYİ VE TİCARET A.Ş.,DYO BOYA FABRİKALARI SANAYİ VE TİCARET A.Ş.,,BORÇLANMA SENETLERİ
PNU,bond,bill,TRFMSYNE2616,TRFMSYNE2616,Misyon Yatırım Bankası A.Ş.,MİSYON YATIRIM BANKASI A.Ş.,,BORÇLANMA SENETLERİ
PNU,bond,bill,TRFMARBE2619,TRFMARBE2619,MARBAŞ MENKUL DEĞERLER A.Ş.,MARBAŞ MENKUL DEĞERLER A.Ş.,,BORÇLANMA SENETLERİ
PNU,bond,corporate,TRFSUVYK2626,TRFSUVYK2626,SÜMER VARLIK YÖNETİM A.Ş.,SÜMER VARLIK YÖNETİM A.Ş.,,BORÇLANMA SENETLERİ
PNU,bond,corporate,TRFGVYOK2610,TRFGVYOK2610,GELECEK VARLIK YÖNETİMİ A.Ş.,GELECEK VARLIK YÖNETİMİ A.Ş.,,BORÇLANMA SENETLERİ
PNU,bond,bill,TRFBVYSK2629,TRFBVYSK2629,BİRİKİM VARLIK YÖNETİM A.Ş.,BİRİKİM VARLIK YÖNETİM A.Ş.,,BORÇLANMA SENETLERİ
PNU,bond,bill,TRFHYBAA2611,TRFHYBAA2611,HEDEF YATIRIM BANKASI A.Ş.,HEDEF YATIRIM BANKASI A.Ş.,,BORÇLANMA SENETLERİ
PNU,bond,bill,TRFKYTRA2625,TRFKYTRA2625,KAYATUR FİLO KİRALAMA A.Ş.,KAYATUR FİLO KİRALAMA A.Ş.,,BORÇLANMA SENETLERİ
PNU,bond,bill,TRFSUVYA2628,TRFSUVYA2628,SÜMER VARLIK YÖNETİM A.Ş.,SÜMER VARLIK YÖNETİM A.Ş.,,BORÇLANMA SENETLERİ
PNU,bond,bill,TRFLDFK12711,TRFLDFK12711,LİDER FAKTORİNG A.Ş.,LİDER FAKTORİNG A.Ş.,,BORÇLANMA SENETLERİ
PNU,bond,bill,TRFSRMD32723,TRFSRMD32723,Alnus Yatırım Menkul Değerler A.Ş.,ALNUS YATIRIM MENKUL DEĞERLER A.Ş.,,BORÇLANMA SENETLERİ
PNU,bond,bill,TRFDVYS42711,TRFDVYS42711,DÜNYA VARLIK YÖNETİM A.Ş.,DÜNYA VARLIK YÖNETİMİ A.Ş,,BORÇLANMA SENETLERİ
PNU,bond,bill,TRFDMSG52716,TRFDMSG52716,DİMES GIDA SANAYİ VE TİCARET A.Ş.,DİMES GIDA SANAYİ VE TİCARET A.Ş.,,BORÇLANMA SENETLERİ
PNU,bond,bill,TRFDVYS72718,TRFDVYS72718,DÜNYA VARLIK YÖNETİM A.Ş.,DÜNYA VARLIK YÖNETİMİ A.Ş,,BORÇLANMA SENETLERİ
PNU,bond,bill,TRFTTRM82714,TRFTTRM82714,Tarfin Tarım A.Ş,Tarfin Tarım A.Ş,,BORÇLANMA SENETLERİ
PNU,bond,corporate,TRSHDAK72717,TRSHDAK72717,HEDEF ARAÇ KİRALAMA VE SERVİS A.Ş.,HEDEF ARAÇ KİRALAMA VE SERVİS A.Ş.,,BORÇLANMA SENETLERİ
PNU,bond,bill,TRB100227T13,TRB100227T13,Hazine ve Maliye Bakanlığı,HAZİNE,,BORÇLANMA SENETLERİ
PNU,bond,asset-backed,TRPTMF292616,TRPTMF292616,BİRLEŞİK İPOTEK FİNANSMANI A.Ş.,BİRLEŞİK İPOTEK FİNANSMANI A.Ş.,,BORÇLANMA SENETLERİ
PNU,bond,asset-backed,TRPTMKTE2639,TRPTMKTE2639,BİRLEŞİK İPOTEK FİNANSMANI A.Ş.,BİRLEŞİK İPOTEK FİNANSMANI A.Ş.,,BORÇLANMA SENETLERİ
PNU,bond,asset-backed,TRPTMF2K2612,TRPTMF2K2612,BİRLEŞİK İPOTEK FİNANSMANI A.Ş.,BİRLEŞİK İPOTEK FİNANSMANI A.Ş.,,BORÇLANMA SENETLERİ
PNU,bond,asset-backed,TRPTMGRA2615,TRPTMGRA2615,BİRLEŞİK İPOTEK FİNANSMANI A.Ş.,BİRLEŞİK İPOTEK FİNANSMANI A.Ş.,,BORÇLANMA SENETLERİ
PNU,sukuk,corporate,TRDZKBV92636,TRDZKBV92636,ZİRAAT KATILIM VARLIK KİRALAMA A.Ş.,ZKB VARLIK KİRALAMA A.Ş.,,KİRA SERTİFİKALARI
PNU,sukuk,corporate,TRDHVKAE2629,TRDHVKAE2629,EMLAK KONUT GAYRİMENKUL YATIRIM ORTAKLIĞI A.Ş.,HALK VARLIK KİRALAMA A.Ş.,,KİRA SERTİFİKALARI
PNU,sukuk,corporate,TRDNVKAE2639,TRDNVKAE2639,NUROL VARLIK KİRALAMA A.Ş.,NUROL VARLIK KIRALAMA A.Ş,,KİRA SERTİFİKALARI
PNU,sukuk,corporate,TRDHVKAK2613,TRDHVKAK2613,EMLAK KONUT GAYRİMENKUL YATIRIM ORTAKLIĞI A.Ş.,HALK VARLIK KİRALAMA A.Ş.,,KİRA SERTİFİKALARI
PNU,sukuk,corporate,TRDNVKAK2631,TRDNVKAK2631,NUROL VARLIK KİRALAMA A.Ş.,NUROL VARLIK KİRALAMA A.Ş.,,KİRA SERTİFİKALARI
PNU,sukuk,corporate,TRDZKBVA2638,TRDZKBVA2638,ZİRAAT KATILIM VARLIK KİRALAMA A.Ş.,ZİRAAT KATILIM VARLIK KİRALAMA A.Ş.,,KİRA SERTİFİKALARI
PNU,sukuk,corporate,TRDNVKA12715,TRDNVKA12715,NUROL VARLIK KİRALAMA A.Ş.,NUROL VARLIK KIRALAMA A.Ş,,KİRA SERTİFİKALARI
PNU,sukuk,corporate,TRDDKVR12728,TRDDKVR12728,DK VARLIK KİRALAMA A.Ş.,DK VARLIK KİRALAMA A.Ş.,,KİRA SERTİFİKALARI
PNU,sukuk,corporate,TRDDKYL12717,TRDDKYL12717,DK VARLIK KİRALAMA A.Ş.,DK VARLIK KİRALAMA A.Ş.,,KİRA SERTİFİKALARI
PO9,stock,,DAGI,TREDAGI00011,DAGİ GİYİM SANAYİ VE TİCARET A.Ş.,DAGİ GİYİM SANAYİ VE TİCARET A.Ş.,,HİSSE SENETLERİ
PO9,stock,,DAGI,TREDAGI00011,DAGİ GİYİM SANAYİ VE TİCARET A.Ş.,DAGİ GİYİM SANAYİ VE TİCARET A.Ş.,,HİSSE SENETLERİ
PO9,stock,,IZENR,TREIZDM00016,İZDEMİR ENERJİ ELEKTRİK ÜRETİM A.Ş.,İZDEMİR ENERJİ ELEKTRİK ÜRETİM A.Ş.,,HİSSE SENETLERİ
PO9,stock,,KAYSE,TREKAYS00018,KAYSERİ ŞEKER FABRİKASI A.Ş.,KAYSERİ ŞEKER FABRİKASI A.Ş.,,HİSSE SENETLERİ
PO9,stock,,KOCMT,TREKOCM00018,KOÇ METALURJİ A.Ş.,KOÇ METALURJİ A.Ş.,,HİSSE SENETLERİ
PO9,stock,,MERIT,TREMRTT00016,MERİT TURİZM YATIRIM VE İŞLETME A.Ş.,MERİT TURİZM YATIRIM VE İŞLETME A.Ş.,,HİSSE SENETLERİ
POS,stock,,AKFIS,TREAKFI00018,AKFEN İNŞAAT TURİZM VE TİCARET A.Ş.,AKFEN İNŞAAT TURİZM VE TİCARET A.Ş.,,HİSSE SENETLERİ
POS,stock,,AKFIS,TREAKFI00018,AKFEN İNŞAAT TURİZM VE TİCARET A.Ş.,AKFEN İNŞAAT TURİZM VE TİCARET A.Ş.,,HİSSE SENETLERİ
POS,stock,,EKGYO,TREEGYO00017,EMLAK KONUT GAYRİMENKUL YATIRIM ORTAKLIĞI A.Ş.,EMLAK KONUT GAYRİMENKUL YATIRIM ORTAKLIĞI A.Ş.,,HİSSE SENETLERİ
POS,stock,,FRIGO,TRAFRIGO91A8,FRİGO-PAK GIDA MADDELERİ SANAYİ VE TİCARET A.Ş.,FRİGO-PAK GIDA MADDELERİ SANAYİ VE TİCARET A.Ş.,,HİSSE SENETLERİ
POS,stock,,MARMR,TREMRMH00016,POLİSAN HOLDİNG A.Ş.,POLİSAN HOLDİNG A.Ş.,,HİSSE SENETLERİ
POS,stock,,POLHO,TREPOHO00012,POLİSAN HOLDİNG A.Ş.,POLİSAN HOLDİNG A.Ş.,,HİSSE SENETLERİ
POS,stock,,PSGYO,TREPSFK00023,PASİFİK GAYRİMENKUL YATIRIM ORTAKLIĞI A.Ş.,PASİFİK GAYRİMENKUL YATIRIM ORTAKLIĞI A.Ş.,,HİSSE SENETLERİ
POS,stock,,PSGYO,TREPSFK00023,PASİFİK GAYRİMENKUL YATIRIM ORTAKLIĞI A.Ş.,PASİFİK GAYRİMENKUL YATIRIM ORTAKLIĞI A.Ş.,,HİSSE SENETLERİ
POS,stock,,THYAO,TRATHYAO91M5,TÜRK HAVA YOLLARI A.O.,TÜRK HAVA YOLLARI A.O.,,HİSSE SENETLERİ
POS,stock,,TRALT,TREKOAL00014,TÜRK ALTIN İŞLETMELERİ A.Ş.,KOZA ALTIN İŞLETMELERİ A.Ş.,,HİSSE SENETLERİ
POS,stock,,YKBNK,TRAYKBNK91N6,YAPI VE KREDİ BANKASI A.Ş.,YAPI VE KREDİ BANKASI A.Ş.,,HİSSE SENETLERİ
PPT,bond,government,TRT010328T12,TRT010328T12,Hazine ve Maliye Bakanlığı,Hazine ve Maliye Bakanlığı,,DEVLET TAHVİLİ VE BONOLAR
PPT,bond,government,TRT061228T16,TRT061228T16,Hazine ve Maliye Bakanlığı,Hazine ve Maliye Bakanlığı,,DEVLET TAHVİLİ VE BONOLAR
PPT,bond,government,TRT070329T15,TRT070329T15,Hazine ve Maliye Bakanlığı,Hazine ve Maliye Bakanlığı,,DEVLET TAHVİLİ VE BONOLAR
PPT,bond,government,TRT131027T10,TRT131027T10,Hazine ve Maliye Bakanlığı,Hazine ve Maliye Bakanlığı,,DEVLET TAHVİLİ VE BONOLAR
PPT,bond,government,TRT160627T13,TRT160627T13,Hazine ve Maliye Bakanlığı,Hazine ve Maliye Bakanlığı,,DEVLET TAHVİLİ VE BONOLAR
PPT,bond,government,TRT170528T12,TRT170528T12,Hazine ve Maliye Bakanlığı,Hazine ve Maliye Bakanlığı,,DEVLET TAHVİLİ VE BONOLAR
PPT,bond,government,TRT190128T14,TRT190128T14,Hazine ve Maliye Bakanlığı,Hazine ve Maliye Bakanlığı,,DEVLET TAHVİLİ VE BONOLAR
PPT,bond,finance bill,TRFAKFT12710,TRFAKFT12710,AK FAKTORİNG A.Ş.,Ak Faktoring,,FİNANSMAN BONOLARI
PPT,bond,finance bill,TRFAKFT22719,TRFAKFT22719,AK FAKTORİNG A.Ş.,Ak Faktoring,,FİNANSMAN BONOLARI
PPT,bond,finance bill,TRFCGDF32724,TRFCGDF32724,ÇAĞDAŞ FAKTORİNG A.Ş.,Çağdaş Faktoring A.Ş.,,FİNANSMAN BONOLARI
PPT,bond,finance bill,TRFERCYA2614,TRFERCYA2614,ERCİYAS ÇELİK BORU SANAYİ A.Ş.,Erciyas Çelik Boru Sanayi A.Ş.,,FİNANSMAN BONOLARI
PPT,bond,finance bill,TRFKNTFE2610,TRFKNTFE2610,KENT FİNANS FAKTORİNG A.Ş.,KENT FİNANS FAKTORİNG A.Ş.,,FİNANSMAN BONOLARI
PPT,bond,finance bill,TRFLDFK32727,TRFLDFK32727,LİDER FAKTORİNG A.Ş.,LİDER FAKTORİNG A.Ş.,,FİNANSMAN BONOLARI
PPT,bond,finance bill,TRFLDFK92622,TRFLDFK92622,LİDER FAKTORİNG A.Ş.,LIDER FAKTORING A.Ş,,FİNANSMAN BONOLARI
PPT,bond,finance bill,TRFLDFKE2610,TRFLDFKE2610,LİDER FAKTORİNG A.Ş.,LİDER FAKTORİNG A.Ş.,,FİNANSMAN BONOLARI
PPT,bond,finance bill,TRFPNSTA2630,TRFPNSTA2630,PINAR SÜT MAMÜLLERİ SANAYİİ A.Ş.,PINAR ENTEGRE ET VE UN SANAYI A.Ş,,FİNANSMAN BONOLARI
PPT,bond,finance bill,TRFPNSTE2628,TRFPNSTE2628,PINAR SÜT MAMÜLLERİ SANAYİİ A.Ş.,PINAR SUT MAMULLERI SANAYI A.Ş,,FİNANSMAN BONOLARI
PPT,bond,finance bill,TRFPTUNA2628,TRFPTUNA2628,PıNAR ENTEGRE ET VE UN SANAYI,PıNAR ENTEGRE ET VE UN SANAYI,,FİNANSMAN BONOLARI
PPT,bond,finance bill,TRFSRMD22716,TRFSRMD22716,Alnus Yatırım Menkul Değerler A.Ş.,Alnus Yatırım Menkul Değerler A.Ş.,,FİNANSMAN BONOLARI
PPT,bond,finance bill,TRFSRMDE2617,TRFSRMDE2617,Alnus Yatırım Menkul Değerler A.Ş.,Alnus Yatırım Menkul Değerler A.Ş.,,FİNANSMAN BONOLARI
PPT,bond,finance bill,TRFSRMDK2619,TRFSRMDK2619,Alnus Yatırım Menkul Değerler A.Ş.,Alnus Yatırım Menkul Değerler A.Ş.,,FİNANSMAN BONOLARI
PPT,bond,finance bill,TRFSUMF22715,TRFSUMF22715,SÜMER FAKTORİNG A.Ş.,Sümer Faktoring A.Ş.,,FİNANSMAN BONOLARI
PPT,bond,finance bill,TRFSUMF32714,TRFSUMF32714,SÜMER FAKTORİNG A.Ş.,Sümer Faktoring A.Ş.,,FİNANSMAN BONOLARI
PPT,bond,finance bill,TRFSUVY22725,TRFSUVY22725,SÜMER VARLIK YÖNETİM A.Ş.,SÜMER VARLIK YÖNETİM A.Ş.,,FİNANSMAN BONOLARI
PPT,bond,finance bill,TRFSUVY32716,TRFSUVY32716,SÜMER VARLIK YÖNETİM A.Ş.,SÜMER VARLIK YÖNETİM A.Ş.,,FİNANSMAN BONOLARI
PPT,bond,finance bill,TRFTAMF32714,TRFTAMF32714,TAM FİNANS FAKTORİNG A.Ş.,Tam Finans Faktoring A.Ş,,FİNANSMAN BONOLARI
PPT,bond,finance bill,TRFTAMF92627,TRFTAMF92627,TAM FİNANS FAKTORİNG A.Ş.,Tam Finans Faktoring A.Ş,,FİNANSMAN BONOLARI
PPT,bond,finance bill,TRFTKNOK2611,TRFTKNOK2611,TEKNOSA İÇ VE DIŞ TİCARET,TEKNOSA İÇ VE DIŞ TİCARET,,FİNANSMAN BONOLARI
PPT,bond,finance bill,TRFTPFC22714,TRFTPFC22714,CREDITWEST FAKTORİNG A.Ş.,CREDITWEST FAKTORİNG A.Ş.,,FİNANSMAN BONOLARI
PPT,bond,finance bill,TRFTPFCE2618,TRFTPFCE2618,CREDITWEST FAKTORİNG A.Ş.,CREDITWEST FAKTORING A.Ş.,,FİNANSMAN BONOLARI
PPT,bond,asset-backed,TRPTKMV82714,TRPTKMV82714,TMKŞ Misyon Bank İkinci Varlık Finansmanı Fonu,TMKŞ Misyon Bank İkinci Varlık Finansmanı Fonu,,VARLIĞA DAYALI MENKUL KIYMETLER
PRY,bond,government,TRT060127T10,TRT060127T10,Hazine ve Maliye Bakanlığı,HAZİNE,,BORÇLANMA SENETLERİ
PRY,bond,government,TRT160627T13,TRT160627T13,Hazine ve Maliye Bakanlığı,HAZİNE,,BORÇLANMA SENETLERİ
PRY,bond,government,TRT190128T14,TRT190128T14,Hazine ve Maliye Bakanlığı,HAZİNE,,BORÇLANMA SENETLERİ
PRY,bond,government,TRT010328T12,TRT010328T12,Hazine ve Maliye Bakanlığı,HAZİNE,,BORÇLANMA SENETLERİ
PRY,bond,government,TRT060928T11,TRT060928T11,Hazine ve Maliye Bakanlığı,HAZİNE,,BORÇLANMA SENETLERİ
PRY,bond,government,TRT061228T16,TRT061228T16,Hazine ve Maliye Bakanlığı,HAZİNE,,BORÇLANMA SENETLERİ
PRY,bond,government,TRT070329T15,TRT070329T15,Hazine ve Maliye Bakanlığı,HAZİNE,,BORÇLANMA SENETLERİ
PRY,bond,government,TRT090130T12,TRT090130T12,Hazine ve Maliye Bakanlığı,HAZİNE,,BORÇLANMA SENETLERİ
PRY,bond,bill,TRFTVSK92612,TRFTVSK92612,TV8 TV YAYINCILIK A.Ş.,TV8 TV YAYINCILIK A.Ş.,,BORÇLANMA SENETLERİ
PRY,bond,corporate,TRFISKM92622,TRFISKM92622,Trive Yatırım Menkul Değerler A.Ş.,Trive Yatırım Menkul Değerler A.Ş.,,BORÇLANMA SENETLERİ
PRY,bond,bill,TRFTCMD92628,TRFTCMD92628,TACİRLER YATIRIM MENKUL DEĞERLER A.Ş.,TACİRLER YATIRIM MENKUL DEĞERLER A.Ş.,,BORÇLANMA SENETLERİ
PRY,bond,bill,TRFPRFN92619,TRFPRFN92619,PARA FİNANS FAKTORİNG A.Ş.,PARA FİNANS FAKTORİNG A.Ş.,,BORÇLANMA SENETLERİ
PRY,bond,bill,TRFHYBAE2617,TRFHYBAE2617,HEDEF YATIRIM BANKASI A.Ş.,HEDEF YATIRIM BANKASI A.Ş.,,BORÇLANMA SENETLERİ
PRY,bond,corporate,TRFTCMDE2613,TRFTCMDE2613,TACİRLER YATIRIM MENKUL DEĞERLER A.Ş.,TACİRLER YATIRIM MENKUL DEĞERLER A.Ş.,,BORÇLANMA SENETLERİ
PRY,bond,bill,TRFADLVE2612,TRFADLVE2612,ADİL VARLIK YÖNETİM A.Ş.,ADİL VARLIK YÖNETİM A.Ş.,,BORÇLANMA SENETLERİ
PRY,bond,bill,TRFAKFTE2615,TRFAKFTE2615,AK FAKTORİNG A.Ş.,AKFAKTORİNG A.Ş.,,BORÇLANMA SENETLERİ
PRY,bond,corporate,TRFTVSKE2615,TRFTVSKE2615,TV8 TV YAYINCILIK A.Ş.,TV8 TV YAYINCILIK A.Ş.,,BORÇLANMA SENETLERİ
PRY,bond,bill,TRFDYBYE2613,TRFDYBYE2613,DYO BOYA FABRİKALARI SANAYİ VE TİCARET A.Ş.,DYO BOYA FABRİKALARI SANAYİ VE TİCARET A.Ş.,,BORÇLANMA SENETLERİ
PRY,bond,bill,TRFMSYNE2616,TRFMSYNE2616,Misyon Yatırım Bankası A.Ş.,MİSYON YATIRIM BANKASI A.Ş.,,BORÇLANMA SENETLERİ
PRY,bond,bill,TRFKYTRE2613,TRFKYTRE2613,KAYATUR FİLO KİRALAMA A.Ş.,HAZİNE,,BORÇLANMA SENETLERİ
PRY,bond,bill,TRFMARBE2619,TRFMARBE2619,MARBAŞ MENKUL DEĞERLER A.Ş.,MARBAŞ MENKUL DEĞERLER A.Ş.,,BORÇLANMA SENETLERİ
PRY,bond,bill,TRFSUVYK2618,TRFSUVYK2618,SÜMER VARLIK YÖNETİM A.Ş.,SÜMER VARLIK YÖNETİM A.Ş.,,BORÇLANMA SENETLERİ
PRY,bond,bill,TRFTVSKK2617,TRFTVSKK2617,TV8 TV YAYINCILIK A.Ş.,TV8 TV YAYINCILIK A.Ş.,,BORÇLANMA SENETLERİ
PRY,bond,corporate,TRFGVYOK2610,TRFGVYOK2610,GELECEK VARLIK YÖNETİMİ A.Ş.,GELECEK VARLIK YÖNETİMİ A.Ş.,,BORÇLANMA SENETLERİ
PRY,bond,corporate,TRFDGRVK2612,TRFDGRVK2612,DOĞRU VARLIK YÖNETİM A.Ş.,DOĞRU VARLIK YÖNETİM A.Ş.,,BORÇLANMA SENETLERİ
PRY,bond,bill,TRFKYTRK2631,TRFKYTRK2631,KAYATUR FİLO KİRALAMA A.Ş.,HAZİNE,,BORÇLANMA SENETLERİ
PRY,bond,bill,TRFBVYSK2629,TRFBVYSK2629,BİRİKİM VARLIK YÖNETİM A.Ş.,BİRİKİM VARLIK YÖNETİM A.Ş.,,BORÇLANMA SENETLERİ
PRY,bond,bill,TRFDEKOK2628,TRFDEKOK2628,DENİZ EKO ENERJİ VE GERİ DÖNÜŞÜM A.Ş.,DENİZ EKO ENERJİ VE GERİ DÖNÜŞÜM A.Ş.,,BORÇLANMA SENETLERİ
PRY,bond,bill,TRFHYBAA2611,TRFHYBAA2611,HEDEF YATIRIM BANKASI A.Ş.,HEDEF YATIRIM BANKASI A.Ş.,,BORÇLANMA SENETLERİ
PRY,bond,bill,TRFFAIRA2615,TRFFAIRA2615,FAİR FİNANSMAN A.Ş.,FAİR FİNANSMAN A.Ş.,,BORÇLANMA SENETLERİ
PRY,bond,bill,TRFKYTRA2625,TRFKYTRA2625,KAYATUR FİLO KİRALAMA A.Ş.,KAYATUR FİLO KİRALAMA A.Ş.,,BORÇLANMA SENETLERİ
PRY,bond,bill,TRFTVSK12719,TRFTVSK12719,TV8 TV YAYINCILIK A.Ş.,TV8 TV YAYINCILIK A.Ş.,,BORÇLANMA SENETLERİ
PRY,bond,bill,TRFDVYS42711,TRFDVYS42711,DÜNYA VARLIK YÖNETİM A.Ş.,DÜNYA VARLIK YÖNETİMİ A.Ş,,BORÇLANMA SENETLERİ
PRY,bond,bill,TRFSUVY42715,TRFSUVY42715,SÜMER VARLIK YÖNETİM A.Ş.,SÜMER VARLIK YÖNETİM A.Ş.,,BORÇLANMA SENETLERİ
PRY,bond,bill,TRFDMSG52716,TRFDMSG52716,DİMES GIDA SANAYİ VE TİCARET A.Ş.,DİMES GIDA SANAYİ VE TİCARET A.Ş.,,BORÇLANMA SENETLERİ
PRY,bond,bill,TRFDVYS62719,TRFDVYS62719,DÜNYA VARLIK YÖNETİM A.Ş.,DÜNYA VARLIK YÖNETİMİ A.Ş,,BORÇLANMA SENETLERİ
PRY,bond,bill,TRFADLV62714,TRFADLV62714,ADİL VARLIK YÖNETİM A.Ş.,ADİL VARLIK YÖNETİM A.Ş.,,BORÇLANMA SENETLERİ
PRY,bond,bill,TRFDVYS72718,TRFDVYS72718,DÜNYA VARLIK YÖNETİM A.Ş.,DÜNYA VARLIK YÖNETİMİ A.Ş,,BORÇLANMA SENETLERİ
PRY,bond,bill,TRFTTRM82714,TRFTTRM82714,Tarfin Tarım A.Ş,Tarfin Tarım A.Ş,,BORÇLANMA SENETLERİ
PRY,bond,corporate,TRSHDAKE2616,TRSHDAKE2616,HEDEF ARAÇ KİRALAMA VE SERVİS A.Ş.,HEDEF ARAÇ KİRALAMA VE SERVİS A.Ş.,,BORÇLANMA SENETLERİ
PRY,bond,corporate,TRSULFKE2622,TRSULFKE2622,ULUSAL FAKTORİNG A.Ş.,ULUSAL FAKTORİNG A.Ş.,,BORÇLANMA SENETLERİ
PRY,bond,corporate,TRSHDAK22712,TRSHDAK22712,HEDEF ARAÇ KİRALAMA VE SERVİS A.Ş.,HEDEF ARAÇ KİRALAMA VE SERVİS A.Ş.,,BORÇLANMA SENETLERİ
PRY,bond,corporate,TRSHDAK42710,TRSHDAK42710,HEDEF ARAÇ KİRALAMA VE SERVİS A.Ş.,HEDEF ARAÇ KİRALAMA VE SERVİS A.Ş.,,BORÇLANMA SENETLERİ
PRY,bond,corporate,TRSOPAS42812,TRSOPAS42812,OPET PETROLCÜLÜK A.Ş.,OPET PETROLCÜLÜK A.Ş.,,BORÇLANMA SENETLERİ
PRY,bond,bill,TRB100227T13,TRB100227T13,Hazine ve Maliye Bakanlığı,HAZİNE,,BORÇLANMA SENETLERİ
PRY,bond,asset-backed,TRPTMF292616,TRPTMF292616,BİRLEŞİK İPOTEK FİNANSMANI A.Ş.,BİRLEŞİK İPOTEK FİNANSMANI A.Ş.,,BORÇLANMA SENETLERİ
PRY,bond,asset-backed,TRPTMKS92628,TRPTMKS92628,BİRLEŞİK İPOTEK FİNANSMANI A.Ş.,BİRLEŞİK İPOTEK FİNANSMANI A.Ş.,,BORÇLANMA SENETLERİ
PRY,bond,asset-backed,TRPTMKT92618,TRPTMKT92618,BİRLEŞİK İPOTEK FİNANSMANI A.Ş.,BİRLEŞİK İPOTEK FİNANSMANI A.Ş.,,BORÇLANMA SENETLERİ
PRY,bond,asset-backed,TRPTMK2E2610,TRPTMK2E2610,BİRLEŞİK İPOTEK FİNANSMANI A.Ş.,BİRLEŞİK İPOTEK FİNANSMANI A.Ş.,,BORÇLANMA SENETLERİ
PRY,bond,asset-backed,TRPTM5FE2620,TRPTM5FE2620,BİRLEŞİK İPOTEK FİNANSMANI A.Ş.,BİRLEŞİK İPOTEK FİNANSMANI A.Ş.,,BORÇLANMA SENETLERİ
PRY,bond,asset-backed,TRPTMKSE2614,TRPTMKSE2614,BİRLEŞİK İPOTEK FİNANSMANI A.Ş.,BİRLEŞİK İPOTEK FİNANSMANI A.Ş.,,BORÇLANMA SENETLERİ
PRY,bond,asset-backed,TRPTMKTE2639,TRPTMKTE2639,BİRLEŞİK İPOTEK FİNANSMANI A.Ş.,BİRLEŞİK İPOTEK FİNANSMANI A.Ş.,,BORÇLANMA SENETLERİ
PRY,bond,asset-backed,TRPTMF2K2612,TRPTMF2K2612,BİRLEŞİK İPOTEK FİNANSMANI A.Ş.,BİRLEŞİK İPOTEK FİNANSMANI A.Ş.,,BORÇLANMA SENETLERİ
PRY,bond,asset-backed,TRPTAKBK2619,TRPTAKBK2619,BİRLEŞİK İPOTEK FİNANSMANI A.Ş.,BİRLEŞİK İPOTEK FİNANSMANI A.Ş.,,BORÇLANMA SENETLERİ
PRY,bond,asset-backed,TRPTMKGK2610,TRPTMKGK2610,BİRLEŞİK İPOTEK FİNANSMANI A.Ş.,BİRLEŞİK İPOTEK FİNANSMANI A.Ş.,,BORÇLANMA SENETLERİ
PRY,bond,asset-backed,TRPTMF2A2614,TRPTMF2A2614,BİRLEŞİK İPOTEK FİNANSMANI A.Ş.,BİRLEŞİK İPOTEK FİNANSMANI A.Ş.,,BORÇLANMA SENETLERİ
PRY,bond,asset-backed,TRPTMGRA2615,TRPTMGRA2615,BİRLEŞİK İPOTEK FİNANSMANI A.Ş.,BİRLEŞİK İPOTEK FİNANSMANI A.Ş.,,BORÇLANMA SENETLERİ
PRY,bond,asset-backed,TRPTMKG12712,TRPTMKG12712,BİRLEŞİK İPOTEK FİNANSMANI A.Ş.,BİRLEŞİK İPOTEK FİNANSMANI A.Ş.,,BORÇLANMA SENETLERİ
PRY,bond,asset-backed,TRPTMF232711,TRPTMF232711,BİRLEŞİK İPOTEK FİNANSMANI A.Ş.,BİRLEŞİK İPOTEK FİNANSMANI A.Ş.,,BORÇLANMA SENETLERİ
PRY,bond,asset-backed,TRPTMKG72716,TRPTMKG72716,BİRLEŞİK İPOTEK FİNANSMANI A.Ş.,BİRLEŞİK İPOTEK FİNANSMANI A.Ş.,,BORÇLANMA SENETLERİ
PRY,bond,asset-backed,TRPTMKG22711,TRPTMKG22711,BİRLEŞİK İPOTEK FİNANSMANI A.Ş.,BİRLEŞİK İPOTEK FİNANSMANI A.Ş.,,BORÇLANMA SENETLERİ
PRY,sukuk,public,TRD151227T14,TRD151227T14,Hazine ve Maliye Bakanlığı,HAZİNE,,KİRA SERTİFİKALARI
PRY,sukuk,corporate,TRDNVKA92618,TRDNVKA92618,NUROL VARLIK KİRALAMA A.Ş.,NUROL VARLIK KIRALAMA A.Ş,,KİRA SERTİFİKALARI
PRY,sukuk,corporate,TRDNVKA92626,TRDNVKA92626,NUROL VARLIK KİRALAMA A.Ş.,NUROL VARLIK KIRALAMA A.Ş,,KİRA SERTİFİKALARI
PRY,sukuk,corporate,TRDHVKAE2629,TRDHVKAE2629,EMLAK KONUT GAYRİMENKUL YATIRIM ORTAKLIĞI A.Ş.,HALK VARLIK KİRALAMA A.Ş.,,KİRA SERTİFİKALARI
PRY,sukuk,corporate,TRDNVKAE2639,TRDNVKAE2639,NUROL VARLIK KİRALAMA A.Ş.,NUROL VARLIK KIRALAMA A.Ş,,KİRA SERTİFİKALARI
PRY,sukuk,corporate,TRDNVKAE2613,TRDNVKAE2613,NUROL VARLIK KİRALAMA A.Ş.,NUROL VARLIK KIRALAMA A.Ş,,KİRA SERTİFİKALARI
PRY,sukuk,corporate,TRDHVKAK2613,TRDHVKAK2613,EMLAK KONUT GAYRİMENKUL YATIRIM ORTAKLIĞI A.Ş.,HALK VARLIK KİRALAMA A.Ş.,,KİRA SERTİFİKALARI
PRY,sukuk,corporate,TRDNVKAK2631,TRDNVKAK2631,NUROL VARLIK KİRALAMA A.Ş.,NUROL VARLIK KİRALAMA A.Ş.,,KİRA SERTİFİKALARI
PRY,sukuk,corporate,TRDDGERA2617,TRDDGERA2617,DEĞER VARLIK KİRALAMA A.Ş.,DEĞER VARLIK KİRALAMA A.Ş.,,KİRA SERTİFİKALARI
PRY,sukuk,corporate,TRDNVKAA2633,TRDNVKAA2633,NUROL VARLIK KİRALAMA A.Ş.,NUROL VARLIK KIRALAMA A.Ş,,KİRA SERTİFİKALARI
PRY,sukuk,corporate,TRDDKVRA2610,TRDDKVRA2610,DK VARLIK KİRALAMA A.Ş.,DK VARLIK KİRALAMA A.Ş.,,KİRA SERTİFİKALARI
PRY,sukuk,corporate,TRDDKVRA2628,TRDDKVRA2628,DK VARLIK KİRALAMA A.Ş.,DK VARLIK KİRALAMA A.Ş.,,KİRA SERTİFİKALARI
PRY,sukuk,corporate,TRDNVKA12715,TRDNVKA12715,NUROL VARLIK KİRALAMA A.Ş.,NUROL VARLIK KIRALAMA A.Ş,,KİRA SERTİFİKALARI
PRY,sukuk,corporate,TRDDKVR12728,TRDDKVR12728,DK VARLIK KİRALAMA A.Ş.,DK VARLIK KİRALAMA A.Ş.,,KİRA SERTİFİKALARI
PRY,sukuk,corporate,TRDDKYL12717,TRDDKYL12717,DK VARLIK KİRALAMA A.Ş.,DK VARLIK KİRALAMA A.Ş.,,KİRA SERTİFİKALARI
PSE,bond,government,TRT160627T13,TRT160627T13,Hazine ve Maliye Bakanlığı,Hazine ve Maliye Bakanlığı,,DEVLET TAHVİLİ VE BONOLAR
PSE,bond,finance bill,TRFAKFT12710,TRFAKFT12710,AK FAKTORİNG A.Ş.,Ak Faktoring,,FİNANSMAN BONOLARI
PSE,bond,finance bill,TRFAKFT22719,TRFAKFT22719,AK FAKTORİNG A.Ş.,Ak Faktoring,,FİNANSMAN BONOLARI
PSE,bond,finance bill,TRFBVYSK2611,TRFBVYSK2611,BİRİKİM VARLIK YÖNETİM A.Ş.,Birikim Varlık Yönetim A.Ş.,,FİNANSMAN BONOLARI
PSE,bond,finance bill,TRFBVYSK2629,TRFBVYSK2629,BİRİKİM VARLIK YÖNETİM A.Ş.,Birikim Varlık Yönetim A.Ş.,,FİNANSMAN BONOLARI
PSE,bond,finance bill,TRFCGDF32724,TRFCGDF32724,ÇAĞDAŞ FAKTORİNG A.Ş.,Çağdaş Faktoring A.Ş.,,FİNANSMAN BONOLARI
PSE,bond,finance bill,TRFERCYE2610,TRFERCYE2610,ERCİYAS ÇELİK BORU SANAYİ A.Ş.,ERCİYAS ÇELİK BORU SANAYİ A.Ş.,,FİNANSMAN BONOLARI
PSE,bond,finance bill,TRFERCYK2612,TRFERCYK2612,ERCİYAS ÇELİK BORU SANAYİ A.Ş.,ERCİYAS ÇELİK BORU SANAYİ A.Ş.,,FİNANSMAN BONOLARI
PSE,bond,finance bill,TRFLDFKA2614,TRFLDFKA2614,LİDER FAKTORİNG A.Ş.,LİDER FAKTORİNG A.Ş.,,FİNANSMAN BONOLARI
PSE,bond,finance bill,TRFLDFKA2622,TRFLDFKA2622,LİDER FAKTORİNG A.Ş.,LİDER FAKTORİNG,,FİNANSMAN BONOLARI
PSE,bond,finance bill,TRFMSYNE2616,TRFMSYNE2616,Misyon Yatırım Bankası A.Ş.,Misyon Yatırım Bankası A.Ş.,,FİNANSMAN BONOLARI
PSE,bond,finance bill,TRFPNST92618,TRFPNST92618,PINAR SÜT MAMÜLLERİ SANAYİİ A.Ş.,PINAR SUT MAMULLERI SANAYI A.Ş,,FİNANSMAN BONOLARI
PSE,bond,finance bill,TRFPNST92634,TRFPNST92634,PINAR SÜT MAMÜLLERİ SANAYİİ A.Ş.,PINAR SUT MAMULLERI SANAYI A.Ş,,FİNANSMAN BONOLARI
PSE,bond,finance bill,TRFPNSTA2622,TRFPNSTA2622,PINAR SÜT MAMÜLLERİ SANAYİİ A.Ş.,PINAR SUT MAMULLERI SANAYI A.Ş,,FİNANSMAN BONOLARI
PSE,bond,finance bill,TRFSRMD22716,TRFSRMD22716,Alnus Yatırım Menkul Değerler A.Ş.,Alnus Yatırım Menkul Değerler A.Ş.,,FİNANSMAN BONOLARI
PSE,bond,finance bill,TRFSRMD32723,TRFSRMD32723,Alnus Yatırım Menkul Değerler A.Ş.,Alnus Yatırım Menkul Değerler A.Ş.,,FİNANSMAN BONOLARI
PSE,bond,finance bill,TRFSRMDA2611,TRFSRMDA2611,Alnus Yatırım Menkul Değerler A.Ş.,Alnus Yatırım Menkul Değerler A.Ş.,,FİNANSMAN BONOLARI
PSE,bond,finance bill,TRFSRMDA2629,TRFSRMDA2629,Alnus Yatırım Menkul Değerler A.Ş.,Alnus Yatırım Menkul Değerler A.Ş.,,FİNANSMAN BONOLARI
PSE,bond,finance bill,TRFSRMDE2633,TRFSRMDE2633,Alnus Yatırım Menkul Değerler A.Ş.,Alnus Yatırım Menkul Değerler A.Ş.,,FİNANSMAN BONOLARI
PSE,bond,finance bill,TRFSRMDK2619,TRFSRMDK2619,Alnus Yatırım Menkul Değerler A.Ş.,Alnus Yatırım Menkul Değerler A.Ş.,,FİNANSMAN BONOLARI
PSE,bond,finance bill,TRFSUMF32714,TRFSUMF32714,SÜMER FAKTORİNG A.Ş.,Sümer Faktoring A.Ş.,,FİNANSMAN BONOLARI
PSE,bond,finance bill,TRFSUMFA2622,TRFSUMFA2622,SÜMER FAKTORİNG A.Ş.,Sümer Faktoring A.Ş.,,FİNANSMAN BONOLARI
PSE,bond,finance bill,TRFSUVY22725,TRFSUVY22725,SÜMER VARLIK YÖNETİM A.Ş.,SÜMER VARLIK YÖNETİM A.Ş.,,FİNANSMAN BONOLARI
PSE,bond,finance bill,TRFSUVY32716,TRFSUVY32716,SÜMER VARLIK YÖNETİM A.Ş.,SÜMER VARLIK YÖNETİM A.Ş.,,FİNANSMAN BONOLARI
PSE,bond,finance bill,TRFSUVY42715,TRFSUVY42715,SÜMER VARLIK YÖNETİM A.Ş.,SÜMER VARLIK YÖNETİM A.Ş.,,FİNANSMAN BONOLARI
PSE,bond,finance bill,TRFSUVYE2624,TRFSUVYE2624,SÜMER VARLIK YÖNETİM A.Ş.,SÜMER VARLIK YÖNETİM A.Ş.,,FİNANSMAN BONOLARI
PSE,bond,finance bill,TRFTAMF32730,TRFTAMF32730,TAM FİNANS FAKTORİNG A.Ş.,Tam Finans Faktoring A.Ş,,FİNANSMAN BONOLARI
PSE,bond,finance bill,TRFTKNOA2613,TRFTKNOA2613,TEKNOSA İÇ VE DIŞ TİCARET,TEKNOSA A.Ş.,,FİNANSMAN BONOLARI
PSE,bond,finance bill,TRFTPFCE2618,TRFTPFCE2618,CREDITWEST FAKTORİNG A.Ş.,CREDITWEST FAKTORING A.Ş.,,FİNANSMAN BONOLARI
PSE,sukuk,corporate,TRD080927T34,TRD080927T34,Hazine ve Maliye Bakanlığı,Hazine ve Maliye Bakanlığı,,KİRA SERTİFİKALARI
PSE,sukuk,corporate,TRD100227T11,TRD100227T11,Hazine ve Maliye Bakanlığı,Hazine ve Maliye Bakanlığı,,KİRA SERTİFİKALARI
PSE,sukuk,corporate,TRD141026T18,TRD141026T18,Hazine ve Maliye Bakanlığı,Hazine ve Maliye Bakanlığı,,KİRA SERTİFİKALARI
PSE,sukuk,corporate,TRD190728T16,TRD190728T16,Hazine ve Maliye Bakanlığı,Hazine ve Maliye Bakanlığı,,KİRA SERTİFİKALARI
PSE,sukuk,corporate,TRDHVKAA2615,TRDHVKAA2615,EMLAK KONUT GAYRİMENKUL YATIRIM ORTAKLIĞI A.Ş.,EMLAK KONUT GYO A.Ş.,,KİRA SERTİFİKALARI
PSE,bond,asset-backed,TRPTKMV82714,TRPTKMV82714,TMKŞ Misyon Bank İkinci Varlık Finansmanı Fonu,TMKŞ MISYON BANK IKINCI VARLIK FINANSMANI FONU,,VARLIĞA DAYALI MENKUL KIYMETLER
PYR,stock,,EKGYO,TREEGYO00017,EMLAK KONUT GAYRİMENKUL YATIRIM ORTAKLIĞI A.Ş.,EMLAK KONUT GAYRİMENKUL YATIRIM ORTAKLIĞI A.Ş.,,HİSSE SENETLERİ
PYR,stock,,ISGYO,TRAISGYO91Q3,İŞ GAYRİMENKUL YATIRIM ORTAKLIĞI A.Ş.,İŞ GAYRİMENKUL YATIRIM ORTAKLIĞI A.Ş.,,HİSSE SENETLERİ
PYR,stock,,KOCMT,TREKOCM00018,KOÇ METALURJİ A.Ş.,KOÇ METALURJİ A.Ş.,,HİSSE SENETLERİ
PYR,stock,,KONKA,TREKNKA00026,KONYAKAĞIT SANAYİ VE TİCARET A.Ş.,KONYAKAĞIT SANAYİ VE TİCARET A.Ş.,,HİSSE SENETLERİ
PYR,stock,,KONKA,TREKNKA00026,KONYAKAĞIT SANAYİ VE TİCARET A.Ş.,KONYAKAĞIT SANAYİ VE TİCARET A.Ş.,,HİSSE SENETLERİ
PYR,stock,,SAHOL,TRASAHOL91Q5,HACIÖMER SABANCI HOLDİNG A.Ş.,HACIÖMER SABANCI HOLDİNG A.Ş.,,HİSSE SENETLERİ
SNY,stock,,EKSUN,,EKSUN GIDA TARIM SANAYİ VE TİCARET A.Ş.,EKSUN GIDA TARIM SANAYİ VE TİCARET A.Ş.,,HİSSE SENETLERİ
SNY,stock,,ISKPL,,IŞIK PLASTİK SANAYİ VE DIŞ TİCARET PAZARLAMA A.Ş.,IŞIK PLASTİK SANAYİ VE DIŞ TİCARET PAZARLAMA A.Ş.,,HİSSE SENETLERİ
SNY,stock,,KGYO,,KORAYGAYRİ MENKUL YATIRIM ORTAKLIĞI A.Ş.,Koray Gayrimenkul Yatırım Ortaklığı A.Ş,,HİSSE SENETLERİ
SNY,stock,,ULUUN,,ULUSOY UN SAN VE TİC A.Ş.,ULUSOY UN SAN VE TİC A.Ş.,,HİSSE SENETLERİ
SNY,stock,,YUNSA,,YÜNSA,YÜNSA,,HİSSE SENETLERİ
SNY,fund,,PSE,,,,ATLAS PORTFÖY PARA PİYASASI SERBEST FON,KATILMA BELGELERİ
TLV,sukuk,public,TRD080927T34,TRD080927T34,Hazine ve Maliye Bakanlığı,HAZİNE,,KİRA SERTİFİKALARI
TLV,sukuk,public,TRD061027T33,TRD061027T33,Hazine ve Maliye Bakanlığı,HAZİNE,,KİRA SERTİFİKALARI
TLV,sukuk,corporate,TRDTERVK2618,TRDTERVK2618,TERA VARLIK KİRALAMA A.Ş.,TERA VARLIK KİRALAMA A.Ş.,,KİRA SERTİFİKALARI
TLV,sukuk,corporate,TRDZKBVA2638,TRDZKBVA2638,ZİRAAT KATILIM VARLIK KİRALAMA A.Ş.,ZKB VARLIK KİRALAMA A.Ş.,,KİRA SERTİFİKALARI
TLV,sukuk,corporate,TRDDKVR12710,TRDDKVR12710,DK VARLIK KİRALAMA A.Ş.,DK VARLIK KİRALAMA A.Ş.,,KİRA SERTİFİKALARI
TLV,sukuk,corporate,TRDTERV12719,TRDTERV12719,TERA VARLIK KİRALAMA A.Ş.,TERA VARLIK KİRALAMA A.Ş.,,KİRA SERTİFİKALARI
TLV,sukuk,corporate,TRDZKBV12717,TRDZKBV12717,ZİRAAT KATILIM VARLIK KİRALAMA A.Ş.,ZKB VARLIK KİRALAMA A.Ş.,,KİRA SERTİFİKALARI
TLV,fund,,TPKGY,TRYTALP00036,,,KONUT ALFA KATILIM GAYRİMENKUL YATIRIM FONU,TÜREV İŞLEMLER
TLY,stock,,AKBNK,TRAAKBNK91N6,AKBANK T.A.Ş.,AKBANK T.A.Ş.,,HİSSE SENETLERİ
TLY,stock,,AKSEN,TREAKSN00011,AKSA ENERJİ ÜRETİM A.Ş.,AKSA ENERJİ ÜRETİM A.Ş.,,HİSSE SENETLERİ
TLY,stock,,ALKLC,TREALTK00013,ALTINKILIÇ GIDA VE SÜT SANAYİ TİCARET A.Ş.,ALTINKILIÇ GIDA VE SÜT SANAYİ TİCARET A.Ş.,,HİSSE SENETLERİ
TLY,stock,,ALKLC,TREALTK00013,ALTINKILIÇ GIDA VE SÜT SANAYİ TİCARET A.Ş.,ALTINKILIÇ GIDA VE SÜT SANAYİ TİCARET A.Ş.,,HİSSE SENETLERİ
TLY,stock,,ANELE,TREAEPT00017,ANEL ELEKTRİK PROJE TAAHHÜT VE TİCARET A.Ş.,ANEL ELEKTRİK PROJE TAAHHÜT VE TİCARET A.Ş.,,HİSSE SENETLERİ
TLY,stock,,ANELE,TREAEPT00017,ANEL ELEKTRİK PROJE TAAHHÜT VE TİCARET A.Ş.,ANEL ELEKTRİK PROJE TAAHHÜT VE TİCARET A.Ş.,,HİSSE SENETLERİ
TLY,stock,,ASELS,TRAASELS91H2,ASELSAN ELEKTRONİK SANAYİ VE TİCARET A.Ş.,ASELSAN ELEKTRONİK SANAYİ VE TİCARET A.Ş.,,HİSSE SENETLERİ
TLY,stock,,ATATR,TREATTR00011,ATA TURİZM İŞLETMECİLİK TAŞIMACILIK MADENCİLİK KUYUMCULUK SANAYİ VE DIŞ TİCARET A.Ş.,ATA TURİZM İŞLETMECİLİK TAŞIMACILIK MADENCİLİK KUYUMCULUK SAN. VE DIŞ TİCARET A.Ş.,,HİSSE SENETLERİ
TLY,stock,,ATATR,TREATTR00011,ATA TURİZM İŞLETMECİLİK TAŞIMACILIK MADENCİLİK KUYUMCULUK SANAYİ VE DIŞ TİCARET A.Ş.,ATA TURİZM İŞLETMECİLİK TAŞIMACILIK MADENCİLİK KUYUMCULUK SAN. VE DIŞ TİCARET A.Ş.,,HİSSE SENETLERİ
TLY,stock,,BIGEN,TREBYEN00010,BİRLEŞİM GRUP ENERJİ YATIRIMLARI A.Ş.,BİRLEŞİM GRUP ENERJİ YATIRIMLARI A.Ş.,,HİSSE SENETLERİ
TLY,stock,,CITAS,TRECTLK00027,ÇİTLEKÇİ MAĞAZACILIK GIDA A.Ş.,ÇİTLEKÇİ MAĞAZACILIK GIDA A.Ş.,,HİSSE SENETLERİ
TLY,stock,,DSTKF,TREDSTF00012,DESTEK FİNANS FAKTORİNG A.Ş.,DESTEK FAKTORING,,HİSSE SENETLERİ
TLY,stock,,DSTKF,TREDSTF00012,DESTEK FİNANS FAKTORİNG A.Ş.,DESTEK FAKTORING,,HİSSE SENETLERİ
TLY,stock,,EKGYO,TREEGYO00017,EMLAK KONUT GAYRİMENKUL YATIRIM ORTAKLIĞI A.Ş.,EMLAK KONUT GAYRİMENKUL YATIRIM ORTAKLIĞI A.Ş.,,HİSSE SENETLERİ
TLY,stock,,ENKAI,TREENKA00011,ENKA İNŞAAT VE SANAYİ A.Ş.,ENKA INSAAT VE SANAYI A.S.,,HİSSE SENETLERİ
TLY,stock,,EREGL,TRAEREGL91G3,EREĞLİ DEMİR VE ÇELİK FABRİKALARI T.A.Ş.,EREĞLİ DEMİR VE ÇELİK FABRİKALARI T.A.Ş,,HİSSE SENETLERİ
TLY,stock,,EUPWR,TREEUPW00019,EUROPOWER ENERJİ VE OTOMASYON TEKNOLOJİLERİ SANAYİ TİCARET A.Ş.,EUROPOWER ENERJİ VE OTOMASYON TEKNOLOJİLERİ SANAYİ TİCARET A.Ş.,,HİSSE SENETLERİ
TLY,stock,,EUREN,TREEURN00030,EUROPEN ENDÜSTRİ İNŞAAT VE TİC. A.Ş.,EUROPEN ENDÜSTRİ İNŞAAT VE TİC. A.Ş.,,HİSSE SENETLERİ
TLY,stock,,FROTO,TRAOTOSN91H6,FORD OTOMOTİV SANAYİ A.Ş.,FORD OTOMOTİV SANAYİ A.Ş.,,HİSSE SENETLERİ
TLY,stock,,GARAN,TRAGARAN91N1,TÜRKİYE GARANTİ BANKASI A.Ş.,GARANTI BANKASI A.Ş.,,HİSSE SENETLERİ
TLY,stock,,GESAN,TREGESN00029,GİRİŞİM ELEKTRİK SANAYİ TAAHHÜT VE TİCARET A.Ş.,Girişim Elektrik Sanayi Taahhüt ve Ticaret A.Ş.,,HİSSE SENETLERİ
TLY,stock,,GESAN,TREGESN00029,GİRİŞİM ELEKTRİK SANAYİ TAAHHÜT VE TİCARET A.Ş.,Girişim Elektrik Sanayi Taahhüt ve Ticaret A.Ş.,,HİSSE SENETLERİ
TLY,stock,,GIPTA,TREGPTA00038,GIPTA OFİS KIRTASİYE VE PROMOSYON ÜRÜNLERİ İMALAT SANAYİ A.Ş.,GIPTA OFİS KIRTASİYE VE PROMOSYON ÜRÜNLERİ İMALAT SANAYİ A.Ş.,,HİSSE SENETLERİ
TLY,stock,,HEDEF,TREHDEF00017,HEDEF HOLDİNG A.Ş.,HEDEF HOLDİNG A.Ş.,,HİSSE SENETLERİ
TLY,stock,,ISCTR,TRAISCTR91N2,TÜRKİYE İŞ BANKASI A.Ş. B,T.IŞ BANKASI A.S.,,HİSSE SENETLERİ
TLY,stock,,KARCL,TREKDMR00027,KARD EMİR ÇELİK SANAYİ A.Ş.,KARD EMİR ÇELİK SANAYİ A.Ş.,,HİSSE SENETLERİ
TLY,stock,,KARCL,TREKDMR00027,KARD EMİR ÇELİK SANAYİ A.Ş.,KARD EMİR ÇELİK SANAYİ A.Ş.,,HİSSE SENETLERİ
TLY,stock,,KCHOL,TRAKCHOL91Q8,KOÇ HOLDİNG A.Ş.,KOÇ HOLDİNG A.Ş.,,HİSSE SENETLERİ
TLY,stock,,KRDMD,TRAKRDMR91G7,KARD EMİR KARABÜK DEMİR ÇELİK SANAYİ VE TİCARET A.Ş.,KARD EMİR KARABÜK DEMİR ÇELİK SANAYİ VE TİCARET A.Ş. (D),,HİSSE SENETLERİ
TLY,stock,,MANAS,TREMANS00025,MANAS ENERJİ YÖNETİMİ SANAYİ VE TİCARET A.Ş.,MANAS ENERJİ YÖNETİMİ VE SANAYİ VE A.Ş.,,HİSSE SENETLERİ
TLY,stock,,MANAS,TREMANS00025,MANAS ENERJİ YÖNETİMİ SANAYİ VE TİCARET A.Ş.,MANAS ENERJİ YÖNETİMİ VE SANAYİ VE A.Ş.,,HİSSE SENETLERİ
TLY,stock,,MGROS,TREMGTI00012,MİGROS TİCARET A.Ş.,MİGROS TİCARET A.Ş.,,HİSSE SENETLERİ
TLY,stock,,OYAKC,TRAMRDIN91F2,OYAK ÇİMENTO FABRİKALARI A.Ş.,OYAK ÇİMENTO FABRİKALARI A.Ş.,,HİSSE SENETLERİ
TLY,stock,,OZATD,TREOZAT00023,ÖZATA DENİZCİLİK SANAYİ VE TİCARET A.Ş.,Özata Denizcilik Sanayi ve Ticaret A.Ş.,,HİSSE SENETLERİ
TLY,stock,,OZATD,TREOZAT00023,ÖZATA DENİZCİLİK SANAYİ VE TİCARET A.Ş.,Özata Denizcilik Sanayi ve Ticaret A.Ş.,,HİSSE SENETLERİ
TLY,stock,,PEKGY,TREPEGY00022,PEKERGAYRİ MENKUL YATIRIM ORTAKLIĞI A.Ş.,PEKERGAYRİ MENKUL YATIRIM ORTAKLIĞI A.Ş,,HİSSE SENETLERİ
TLY,stock,,PGSUS,TREPEGS00016,PEGASUS HAVA TAŞIMACILIĞI A.Ş.,PEGASUS HAVA TAŞIMACILIĞI A.Ş.,,HİSSE SENETLERİ
TLY,stock,,SAHOL,TRASAHOL91Q5,HACIÖMER SABANCI HOLDİNG A.Ş.,HACIÖMER SABANCI HOLDİNG A.Ş.,,HİSSE SENETLERİ
TLY,stock,,SELEC,TRESLEC00014,SELÇUK ECZA DEPOSU TİCARET VE SANAYİ A.Ş.,SELÇUK ECZA DEPOSU TİCARET VE SANAYİ A.Ş.,,HİSSE SENETLERİ
TLY,stock,,SELEC,TRESLEC00014,SELÇUK ECZA DEPOSU TİCARET VE SANAYİ A.Ş.,SELÇUK ECZA DEPOSU TİCARET VE SANAYİ A.Ş.,,HİSSE SENETLERİ
TLY,stock,,SISE,TRASISEW91Q3,TÜRKİYE ŞİŞE VE CAM FABRİKALARI A.Ş.,TÜRKİYE ŞİŞE VE CAM FABRİKALARI A.Ş.,,HİSSE SENETLERİ
TLY,stock,,SVGYO,TRESVRG00024,SAVURGAYRİ MENKUL YATIRIM ORTAKLIĞI A.Ş.,SAVURGAYRİ MENKUL YATIRIM ORTAKLIĞI A.Ş.,,HİSSE SENETLERİ
TLY,stock,,TCELL,TRATCELL91M1,TURKCELL İLETİŞİM HİZMETLERİ A.Ş.,TURKCELL İLETİŞİM HİZMETLERİ A.Ş.,,HİSSE SENETLERİ
TLY,stock,,TEHOL,TRAGLOBL91Q0,TERA YATIRIM TEKNOLOJİ HOLDİNG A.Ş.,TERA YATIRIM TEKNOLOJİ HOLDİNG A.Ş.,,HİSSE SENETLERİ
TLY,stock,,TERA,TRETERA00013,TERA YATIRIM MENKUL DEĞERLER A.Ş.,TERA YATIRIM MENKUL DEĞERLER A.Ş.,,HİSSE SENETLERİ
TLY,stock,,TERA,TRETERA00013,TERA YATIRIM MENKUL DEĞERLER A.Ş.,TERA YATIRIM MENKUL DEĞERLER A.Ş.,,HİSSE SENETLERİ
TLY,stock,,THYAO,TRATHYAO91M5,TÜRK HAVA YOLLARI A.O.,TURK HAVA YOLLARI A.O.,,HİSSE SENETLERİ
TLY,stock,,TKNKA,TRETKNK00018,TEKNİKAPLAST TEKNİK KALIP PLASTİK SANAYİ VE TİCARET A.Ş.,TEKNİKAPLAST TEKNİK KALIP PLASTİK SANAYİ VE TİCARET A.Ş.,,HİSSE SENETLERİ
TLY,stock,,TMPOL,TRETMPL00017,TEMAPOL POLİMER PLASTİK VE İNŞAAT SANAYİ TİCARET A.Ş.,TEMAPOL POLİMER PLASTİK A.Ş,,HİSSE SENETLERİ
TLY,stock,,TRALT,TREKOAL00014,TÜRK ALTIN İŞLETMELERİ A.Ş.,TÜRK ALTIN İŞLETMELERİ A.Ş.,,HİSSE SENETLERİ
TLY,stock,,TRHOL,TRATACYO91Q7,TERA FİNANSAL YATIRIMLAR HOLDİNG A.Ş.,TERA FİNANSAL YATIRIMLAR HOLDİNG A.Ş.,,HİSSE SENETLERİ
TLY,stock,,TUPRS,TRATUPRS91E8,TÜPRAŞ- TÜRKİYE PETROL RAFİNERİLERİ A.Ş.,TUPRAS- TURKIYE PETROL RAFINELERI A.S.,,HİSSE SENETLERİ
TLY,stock,,VANGD,TREVNGS00015,VANET GIDA SANAYİ İÇ VE DIŞ TİCARET A.Ş.,VANET GIDA SANAYİ İÇ VE DIŞ TİCARET A.Ş.,,HİSSE SENETLERİ
TLY,stock,,YKBNK,TRAYKBNK91N6,YAPI VE KREDİ BANKASI A.Ş.,YAPI VE KREDİ BANKASI A.Ş.,,HİSSE SENETLERİ
TLY,bond,bill,TRFTRYBE2614,TRFTRYBE2614,TERA YATIRIM BANKASI A.Ş.,TERA YATIRIM BANKASI A.Ş.,,BORÇLANMA SENETLERİ
TLY,bond,corporate,TRFTRYBA2626,TRFTRYBA2626,TERA YATIRIM BANKASI A.Ş.,TERA YATIRIM BANKASI A.Ş.,,BORÇLANMA SENETLERİ
TLY,bond,bill,TRFKYTRA2617,TRFKYTRA2617,KAYATUR FİLO KİRALAMA A.Ş.,KAYATUR FİLO KİRALAMA A.Ş.,,BORÇLANMA SENETLERİ
TLY,bond,corporate,TRFTRYBA2642,TRFTRYBA2642,TERA YATIRIM BANKASI A.Ş.,TERA YATIRIM BANKASI A.Ş.,,BORÇLANMA SENETLERİ
TLY,bond,bill,TRFKYTR12715,TRFKYTR12715,KAYATUR FİLO KİRALAMA A.Ş.,KAYATUR FİLO KİRALAMA A.Ş.,,BORÇLANMA SENETLERİ
TLY,bond,bill,TRFTRYB12714,TRFTRYB12714,TERA YATIRIM BANKASI A.Ş.,TERA YATIRIM BANKASI A.Ş.,,BORÇLANMA SENETLERİ
TLY,sukuk,corporate,TRDHVKAE2629,TRDHVKAE2629,EMLAK KONUT GAYRİMENKUL YATIRIM ORTAKLIĞI A.Ş.,HALK VARLIK KİRALAMA A.Ş.,,KİRA SERTİFİKALARI
TLY,sukuk,corporate,TRDTERVK2618,TRDTERVK2618,TERA VARLIK KİRALAMA A.Ş.,TERA VARLIK KİRALAMA A.Ş.,,KİRA SERTİFİKALARI
TLY,sukuk,corporate,TRDTERV12719,TRDTERV12719,TERA VARLIK KİRALAMA A.Ş.,TERA VARLIK KİRALAMA A.Ş.,,KİRA SERTİFİKALARI
TLY,fund,,HMV,TRYHDFP00276,,,,DİĞER
TLY,fund,,MTL,TRYTALP00119,,,,DİĞER
TLY,fund,,T3B,TRYTRPY00066,,,,DİĞER
TP2,bond,government,TRT190128T14,TRT190128T14,Hazine ve Maliye Bakanlığı,HAZİNE,,BORÇLANMA SENETLERİ
TP2,bond,government,TRT010328T12,TRT010328T12,Hazine ve Maliye Bakanlığı,HAZİNE,,BORÇLANMA SENETLERİ
TP2,bond,government,TRT170528T12,TRT170528T12,Hazine ve Maliye Bakanlığı,HAZİNE,,BORÇLANMA SENETLERİ
TP2,bond,government,TRT060928T11,TRT060928T11,Hazine ve Maliye Bakanlığı,HAZİNE,,BORÇLANMA SENETLERİ
TP2,bond,government,TRT061228T16,TRT061228T16,Hazine ve Maliye Bakanlığı,HAZİNE,,BORÇLANMA SENETLERİ
TP2,bond,government,TRT070329T15,TRT070329T15,Hazine ve Maliye Bakanlığı,HAZİNE,,BORÇLANMA SENETLERİ
TP2,bond,government,TRT130629T30,TRT130629T30,Hazine ve Maliye Bakanlığı,HAZİNE,,BORÇLANMA SENETLERİ
TP2,bond,government,TRT040729T14,TRT040729T14,Hazine ve Maliye Bakanlığı,HAZİNE,,BORÇLANMA SENETLERİ
TP2,bond,government,TRT090130T12,TRT090130T12,Hazine ve Maliye Bakanlığı,HAZİNE,,BORÇLANMA SENETLERİ
TP2,bond,government,TRT030730T12,TRT030730T12,Hazine ve Maliye Bakanlığı,HAZİNE,,BORÇLANMA SENETLERİ
TP2,bond,bill,TRFIAZY92615,TRFIAZY92615,İNVEST AZ YATIRIM,İNVEST AZ YATIRIM,,BORÇLANMA SENETLERİ
TP2,bond,corporate,TRFDSBK92626,TRFDSBK92626,DESTEK YATIRIM BANKASI A.Ş.,DESTEK YATIRIM BANKASI A.Ş.,,BORÇLANMA SENETLERİ
TP2,bond,corporate,TRFOYMD92615,TRFOYMD92615,OYAK YATIRIM MENKUL DEĞERLER A.Ş.,OYAK YATIRIM MENKUL DEĞERLER A.Ş.,,BORÇLANMA SENETLERİ
TP2,bond,corporate,TRFNURL92625,TRFNURL92625,NUROL YATIRIM BANKASI A.Ş.,NUROL YATIRIM BANKASI,,BORÇLANMA SENETLERİ
TP2,bond,bill,TRFINFM92623,TRFINFM92623,İNFO YATIRIM MENKUL DEĞERLER A.Ş.,İNFO YATIRIM MENKUL DEĞERLER A.Ş.,,BORÇLANMA SENETLERİ
TP2,bond,bill,TRFTRYBE2614,TRFTRYBE2614,TERA YATIRIM BANKASI A.Ş.,TERA YATIRIM BANKASI A.Ş.,,BORÇLANMA SENETLERİ
TP2,bond,bill,TRFTPFCE2618,TRFTPFCE2618,CREDITWEST FAKTORİNG A.Ş.,Creditwest Faktoring A.Ş.,,BORÇLANMA SENETLERİ
TP2,bond,bill,TRFKRELE2615,TRFKRELE2615,KAREL ELEKTRONİK SANAYİ VE TİCARET A.Ş.,KAREL ELEKTRONİK SANAYİ VE TİCARET A.Ş.,,BORÇLANMA SENETLERİ
TP2,bond,corporate,TRFNURLE2646,TRFNURLE2646,NUROL YATIRIM BANKASI A.Ş.,NUROL YATIRIM BANKASI,,BORÇLANMA SENETLERİ
TP2,bond,bill,TRFMARBE2619,TRFMARBE2619,MARBAŞ MENKUL DEĞERLER A.Ş.,MARBAŞ MENKUL DEĞERLER A.Ş.,,BORÇLANMA SENETLERİ
TP2,bond,bill,TRFMIDSK2610,TRFMIDSK2610,MİDAS MENKUL DEĞERLER A.Ş.,MİDAS MENKUL DEĞERLER A.Ş.,,BORÇLANMA SENETLERİ
TP2,bond,corporate,TRFGVYOK2610,TRFGVYOK2610,GELECEK VARLIK YÖNETİMİ A.Ş.,Gelecek Varlık Yönetimi A.Ş.,,BORÇLANMA SENETLERİ
TP2,bond,corporate,TRFNURLK2622,TRFNURLK2622,NUROL YATIRIM BANKASI A.Ş.,NUROL YATIRIM BANKASI,,BORÇLANMA SENETLERİ
TP2,bond,bill,TRFDEKOK2628,TRFDEKOK2628,DENİZ EKO ENERJİ VE GERİ DÖNÜŞÜM A.Ş.,DENİZ EKO ENERJİ VE GERİ DÖNÜŞÜM A.Ş.,,BORÇLANMA SENETLERİ
TP2,bond,bill,TRFBLLYA2646,TRFBLLYA2646,BULLS YATIRIM MENKUL DEĞERLER A.Ş.,BULLS YATIRIM MENKUL DEĞERLER A.Ş.,,BORÇLANMA SENETLERİ
TP2,bond,corporate,TRFTRYBA2626,TRFTRYBA2626,TERA YATIRIM BANKASI A.Ş.,TERA YATIRIM BANKASI A.Ş.,,BORÇLANMA SENETLERİ
TP2,bond,bill,TRFFAIRA2615,TRFFAIRA2615,FAİR FİNANSMAN A.Ş.,FAİR FİNANSMAN A.Ş.,,BORÇLANMA SENETLERİ
TP2,bond,bill,TRFTPFCA2612,TRFTPFCA2612,CREDITWEST FAKTORİNG A.Ş.,Creditwest Faktoring A.Ş.,,BORÇLANMA SENETLERİ
TP2,bond,corporate,TRFTRYBA2642,TRFTRYBA2642,TERA YATIRIM BANKASI A.Ş.,TERA YATIRIM BANKASI A.Ş.,,BORÇLANMA SENETLERİ
TP2,bond,corporate,TRFNURLA2624,TRFNURLA2624,NUROL YATIRIM BANKASI A.Ş.,NUROL YATIRIM BANKASI,,BORÇLANMA SENETLERİ
TP2,bond,bill,TRFMARBA2613,TRFMARBA2613,MARBAŞ MENKUL DEĞERLER A.Ş.,MARBAŞ MENKUL DEĞERLER A.Ş.,,BORÇLANMA SENETLERİ
TP2,bond,bill,TRFEMIR12716,TRFEMIR12716,EMİR VARLIK YÖNETİM A.Ş.,EMİR VARLIK YÖNETİM A.Ş.,,BORÇLANMA SENETLERİ
TP2,bond,bill,TRFSUVY12718,TRFSUVY12718,SÜMER VARLIK YÖNETİM A.Ş.,SÜMER VARLIK YÖNETIMI A.Ş.,,BORÇLANMA SENETLERİ
TP2,bond,bill,TRFTRYB12714,TRFTRYB12714,TERA YATIRIM BANKASI A.Ş.,TERA YATIRIM BANKASI A.Ş.,,BORÇLANMA SENETLERİ
TP2,bond,corporate,TRFNURL12722,TRFNURL12722,NUROL YATIRIM BANKASI A.Ş.,NUROL YATIRIM BANKASI,,BORÇLANMA SENETLERİ
TP2,bond,bill,TRFEMIR22715,TRFEMIR22715,EMİR VARLIK YÖNETİM A.Ş.,EMİR VARLIK YÖNETİM A.Ş.,,BORÇLANMA SENETLERİ
TP2,bond,corporate,TRFGVYO22715,TRFGVYO22715,GELECEK VARLIK YÖNETİMİ A.Ş.,Gelecek Varlık Yönetimi A.Ş.,,BORÇLANMA SENETLERİ
TP2,bond,bill,TRFSRMD32723,TRFSRMD32723,Alnus Yatırım Menkul Değerler A.Ş.,ALNUS YATIRIM MENKUL DEĞERLER A.Ş.,,BORÇLANMA SENETLERİ
TP2,bond,bill,TRFDVYS62719,TRFDVYS62719,DÜNYA VARLIK YÖNETİM A.Ş.,DÜNYA VARLIK YÖNETİM A.Ş.,,BORÇLANMA SENETLERİ
TP2,bond,corporate,TRSDVYSE2612,TRSDVYSE2612,DÜNYA VARLIK YÖNETİM A.Ş.,DÜNYA VARLIK YÖNETİM A.Ş.,,BORÇLANMA SENETLERİ
TP2,bond,asset-backed,TRPTMKS92644,TRPTMKS92644,BİRLEŞİK İPOTEK FİNANSMANI A.Ş.,BİRLEŞİK İPOTEK FİNANSMANI A.Ş.,,BORÇLANMA SENETLERİ
TP2,bond,asset-backed,TRPTMT292610,TRPTMT292610,BİRLEŞİK İPOTEK FİNANSMANI A.Ş.,BİRLEŞİK İPOTEK FİNANSMANI A.Ş.,,BORÇLANMA SENETLERİ
TP2,bond,asset-backed,TRPTMKSK2632,TRPTMKSK2632,BİRLEŞİK İPOTEK FİNANSMANI A.Ş.,BİRLEŞİK İPOTEK FİNANSMANI A.Ş.,,BORÇLANMA SENETLERİ
TP2,bond,asset-backed,TRPTMT2K2613,TRPTMT2K2613,BİRLEŞİK İPOTEK FİNANSMANI A.Ş.,BİRLEŞİK İPOTEK FİNANSMANI A.Ş.,,BORÇLANMA SENETLERİ
TP2,bond,asset-backed,TRPTMKSA2626,TRPTMKSA2626,BİRLEŞİK İPOTEK FİNANSMANI A.Ş.,BİRLEŞİK İPOTEK FİNANSMANI A.Ş.,,BORÇLANMA SENETLERİ
TP2,bond,asset-backed,TRPTMF232711,TRPTMF232711,BİRLEŞİK İPOTEK FİNANSMANI A.Ş.,BİRLEŞİK İPOTEK FİNANSMANI A.Ş.,,BORÇLANMA SENETLERİ
TP2,bond,asset-backed,TRPTMKGA2612,TRPTMKGA2612,BİRLEŞİK İPOTEK FİNANSMANI A.Ş.,BİRLEŞİK İPOTEK FİNANSMANI A.Ş.,,BORÇLANMA SENETLERİ
TP2,sukuk,public,TRD080927T34,TRD080927T34,Hazine ve Maliye Bakanlığı,HAZİNE,,KİRA SERTİFİKALARI
TP2,sukuk,public,TRD061027T33,TRD061027T33,Hazine ve Maliye Bakanlığı,HAZİNE,,KİRA SERTİFİKALARI
TP2,sukuk,corporate,TRDHVKA92610,TRDHVKA92610,EMLAK KONUT GAYRİMENKUL YATIRIM ORTAKLIĞI A.Ş.,HALK VARLIK KİRALAMA A.Ş.,,KİRA SERTİFİKALARI
TP2,sukuk,corporate,TRDHVKA92628,TRDHVKA92628,EMLAK KONUT GAYRİMENKUL YATIRIM ORTAKLIĞI A.Ş.,EMLAK KONUT GAYRİMENKUL YATIRIM ORTAKLIĞI A.Ş.,,KİRA SERTİFİKALARI
TP2,sukuk,corporate,TRDHVKAE2629,TRDHVKAE2629,EMLAK KONUT GAYRİMENKUL YATIRIM ORTAKLIĞI A.Ş.,HALK VARLIK KİRALAMA A.Ş.,,KİRA SERTİFİKALARI
TP2,sukuk,corporate,TRDNVKAE2647,TRDNVKAE2647,NUROL VARLIK KİRALAMA A.Ş.,NUROL VARLIK KİRALAMA A.Ş.,,KİRA SERTİFİKALARI
TP2,sukuk,corporate,TRDNVKAK2623,TRDNVKAK2623,NUROL VARLIK KİRALAMA A.Ş.,NUROL VARLIK KİRALAMA A.Ş.,,KİRA SERTİFİKALARI
TP2,sukuk,corporate,TRDKTLMK2633,TRDKTLMK2633,KATILIM VARLIK KİRALAMA A.Ş.,KATILIM VARLIK KİRALAMA A.Ş.,,KİRA SERTİFİKALARI
TP2,sukuk,corporate,TRDTERV12719,TRDTERV12719,TERA VARLIK KİRALAMA A.Ş.,TERA VARLIK KİRALAMA A.Ş.,,KİRA SERTİFİKALARI
